effect,component,group,term,estimate,std.error,conf.low,conf.high,indicator,areaName,habitat_class,size_class,live_date_qual,n_programs,programs,filename
fixed,cond,,(Intercept),85.611206882769,219.598349463167,-333.904761001801,520.255973076723,Size class,Apalachicola National Estuarine Research Reserve,Natural,25-75mm,Exact,4,5063|5071|5073|5075,output/ManagedAreaName/model_results/GLMMs/ANERR_sh25to75_glmm_Natural.rds
fixed,cond,,RelYear,-1.28240583271032,4.50142071173905,-10.2322714001883,7.35141355284562,Size class,Apalachicola National Estuarine Research Reserve,Natural,25-75mm,Exact,4,5063|5071|5073|5075,output/ManagedAreaName/model_results/GLMMs/ANERR_sh25to75_glmm_Natural.rds
fixed,cond,,QuadSize_m2,17.8881222926426,20.8722116433724,-23.6864847334497,58.0087808388144,Size class,Apalachicola National Estuarine Research Reserve,Natural,25-75mm,Exact,4,5063|5071|5073|5075,output/ManagedAreaName/model_results/GLMMs/ANERR_sh25to75_glmm_Natural.rds
ran_pars,cond,UniversalReefID,sd__(Intercept),17.066404385975,4.36523047528161,10.435640954469,27.224039093394,Size class,Apalachicola National Estuarine Research Reserve,Natural,25-75mm,Exact,4,5063|5071|5073|5075,output/ManagedAreaName/model_results/GLMMs/ANERR_sh25to75_glmm_Natural.rds
ran_pars,cond,Residual,sd__Observation,15.840829024756,1.49941239203749,13.4498244278583,19.1714258115481,Size class,Apalachicola National Estuarine Research Reserve,Natural,25-75mm,Exact,4,5063|5071|5073|5075,output/ManagedAreaName/model_results/GLMMs/ANERR_sh25to75_glmm_Natural.rds
fixed,cond,,(Intercept),83.6740618090089,14.0297499062691,57.7960536428238,111.691428456116,Size class,Estero Bay Aquatic Preserve,Natural,25-75mm,Exact,1,4042,output/ManagedAreaName/model_results/GLMMs/EBAP_sh25to75_glmm_Natural.rds
fixed,cond,,RelYear,-1.06318747548139,0.270833378238576,-1.60979937772181,-0.562949746471742,Size class,Estero Bay Aquatic Preserve,Natural,25-75mm,Exact,1,4042,output/ManagedAreaName/model_results/GLMMs/EBAP_sh25to75_glmm_Natural.rds
fixed,cond,,QuadSize_m2,-8.83962455165861,7.96252068400066,-24.9611981369472,5.84617602697448,Size class,Estero Bay Aquatic Preserve,Natural,25-75mm,Exact,1,4042,output/ManagedAreaName/model_results/GLMMs/EBAP_sh25to75_glmm_Natural.rds
ran_pars,cond,UniversalReefID,sd__(Intercept),8.00126889832884,1.4918360056174,5.60692888464096,11.2894733220314,Size class,Estero Bay Aquatic Preserve,Natural,25-75mm,Exact,1,4042,output/ManagedAreaName/model_results/GLMMs/EBAP_sh25to75_glmm_Natural.rds
ran_pars,cond,Residual,sd__Observation,17.4441160550575,0.638971760708523,16.3224810507916,18.7711375033218,Size class,Estero Bay Aquatic Preserve,Natural,25-75mm,Exact,1,4042,output/ManagedAreaName/model_results/GLMMs/EBAP_sh25to75_glmm_Natural.rds
fixed,cond,,(Intercept),21.0821737357829,122.398731843997,-259.130797224227,224.582843357718,Size class,Estero Bay Aquatic Preserve,Natural,>75mm,Exact,1,4042,output/ManagedAreaName/model_results/GLMMs/EBAP_sho75_glmm_Natural.rds
fixed,cond,,RelYear,0.676863966591707,2.32912871151832,-3.61756490531071,5.57749915601326,Size class,Estero Bay Aquatic Preserve,Natural,>75mm,Exact,1,4042,output/ManagedAreaName/model_results/GLMMs/EBAP_sho75_glmm_Natural.rds
fixed,cond,,QuadSize_m2,-22.1923239360364,54.0449258415083,-143.809919415705,54.5525400033024,Size class,Estero Bay Aquatic Preserve,Natural,>75mm,Exact,1,4042,output/ManagedAreaName/model_results/GLMMs/EBAP_sho75_glmm_Natural.rds
ran_pars,cond,UniversalReefID,sd__(Intercept),5.13226348204043,4.45918494639483,0.191766289289646,16.546792748314,Size class,Estero Bay Aquatic Preserve,Natural,>75mm,Exact,1,4042,output/ManagedAreaName/model_results/GLMMs/EBAP_sho75_glmm_Natural.rds
ran_pars,cond,Residual,sd__Observation,17.8197156314752,5.03109402908076,11.5368959009226,30.3925766104605,Size class,Estero Bay Aquatic Preserve,Natural,>75mm,Exact,1,4042,output/ManagedAreaName/model_results/GLMMs/EBAP_sho75_glmm_Natural.rds
fixed,cond,,(Intercept),1.81803048466906,9.39410516098976,-18.3840173244122,18.4986994813071,Size class,Guana River Marsh Aquatic Preserve,Natural,25-75mm,Exact,2,5017|4000,output/ManagedAreaName/model_results/GLMMs/GRMAP_sh25to75_glmm_Natural.rds
fixed,cond,,RelYear,0.726352767140195,0.355949902248828,0.0516033815533271,1.45144726872572,Size class,Guana River Marsh Aquatic Preserve,Natural,25-75mm,Exact,2,5017|4000,output/ManagedAreaName/model_results/GLMMs/GRMAP_sh25to75_glmm_Natural.rds
ran_pars,cond,UniversalReefID,sd__(Intercept),21.8604171282641,2.81193393775645,17.1039334798064,27.8761073007167,Size class,Guana River Marsh Aquatic Preserve,Natural,25-75mm,Exact,2,5017|4000,output/ManagedAreaName/model_results/GLMMs/GRMAP_sh25to75_glmm_Natural.rds
ran_pars,cond,Residual,sd__Observation,34.9629130966818,1.83980038194048,31.7396819693167,39.1399374602148,Size class,Guana River Marsh Aquatic Preserve,Natural,25-75mm,Exact,2,5017|4000,output/ManagedAreaName/model_results/GLMMs/GRMAP_sh25to75_glmm_Natural.rds
fixed,cond,,(Intercept),25.7777252889551,12.8014029068629,-1.40207245054827,48.7438060367191,Size class,Guana River Marsh Aquatic Preserve,Natural,>75mm,Exact,2,5017|4000,output/ManagedAreaName/model_results/GLMMs/GRMAP_sho75_glmm_Natural.rds
fixed,cond,,RelYear,0.306768589243443,0.451392213163213,-0.559502109177008,1.19085063789943,Size class,Guana River Marsh Aquatic Preserve,Natural,>75mm,Exact,2,5017|4000,output/ManagedAreaName/model_results/GLMMs/GRMAP_sho75_glmm_Natural.rds
ran_pars,cond,UniversalReefID,sd__(Intercept),21.1026877488433,3.1938241551756,15.6810177584372,28.1906352984775,Size class,Guana River Marsh Aquatic Preserve,Natural,>75mm,Exact,2,5017|4000,output/ManagedAreaName/model_results/GLMMs/GRMAP_sho75_glmm_Natural.rds
ran_pars,cond,Residual,sd__Observation,26.6128192365101,1.52681106664949,23.8850042532722,29.8742667067395,Size class,Guana River Marsh Aquatic Preserve,Natural,>75mm,Exact,2,5017|4000,output/ManagedAreaName/model_results/GLMMs/GRMAP_sho75_glmm_Natural.rds
fixed,cond,,(Intercept),-75.5125748256135,13.4367396344513,-102.870011961573,-50.9344441887519,Size class,Guana Tolomato Matanzas National Estuarine Research Reserve,Natural,25-75mm,Exact,2,5017|4000,output/ManagedAreaName/model_results/GLMMs/GTMNERR_sh25to75_glmm_Natural.rds
fixed,cond,,RelYear,1.66552629851957,0.220273857630359,1.26839508291684,2.11322449967509,Size class,Guana Tolomato Matanzas National Estuarine Research Reserve,Natural,25-75mm,Exact,2,5017|4000,output/ManagedAreaName/model_results/GLMMs/GTMNERR_sh25to75_glmm_Natural.rds
ran_pars,cond,UniversalReefID,sd__(Intercept),26.0061638602584,1.93053982538766,22.4856130848982,29.8646604540343,Size class,Guana Tolomato Matanzas National Estuarine Research Reserve,Natural,25-75mm,Exact,2,5017|4000,output/ManagedAreaName/model_results/GLMMs/GTMNERR_sh25to75_glmm_Natural.rds
ran_pars,cond,Residual,sd__Observation,32.8859818872975,0.958217566801525,31.1193729139242,34.8913260734352,Size class,Guana Tolomato Matanzas National Estuarine Research Reserve,Natural,25-75mm,Exact,2,5017|4000,output/ManagedAreaName/model_results/GLMMs/GTMNERR_sh25to75_glmm_Natural.rds
fixed,cond,,(Intercept),16.4616735152326,20.9250898784512,-26.9527494821759,56.9490074209811,Size class,Guana Tolomato Matanzas National Estuarine Research Reserve,Natural,>75mm,Exact,2,5017|4000,output/ManagedAreaName/model_results/GLMMs/GTMNERR_sho75_glmm_Natural.rds
fixed,cond,,RelYear,0.204130942823937,0.349443882446469,-0.497432822535973,0.874261215241382,Size class,Guana Tolomato Matanzas National Estuarine Research Reserve,Natural,>75mm,Exact,2,5017|4000,output/ManagedAreaName/model_results/GLMMs/GTMNERR_sho75_glmm_Natural.rds
ran_pars,cond,UniversalReefID,sd__(Intercept),23.6435261044172,2.2885956233238,19.4434607725936,28.339675096454,Size class,Guana Tolomato Matanzas National Estuarine Research Reserve,Natural,>75mm,Exact,2,5017|4000,output/ManagedAreaName/model_results/GLMMs/GTMNERR_sho75_glmm_Natural.rds
ran_pars,cond,Residual,sd__Observation,26.461601149422,1.06229086182877,24.5631333627,28.6650787551142,Size class,Guana Tolomato Matanzas National Estuarine Research Reserve,Natural,>75mm,Exact,2,5017|4000,output/ManagedAreaName/model_results/GLMMs/GTMNERR_sho75_glmm_Natural.rds
fixed,cond,,(Intercept),31.7703847466776,9.5034677292328,12.8952308479971,51.5334295882943,Size class,Indian River-Malabar to Vero Beach Aquatic Preserve,Natural,25-75mm,Exact,1,4016,output/ManagedAreaName/model_results/GLMMs/IRMVBAP_sh25to75_glmm_Natural.rds
fixed,cond,,RelYear,1.5154252070818,0.947829739184161,-0.1575849213468,3.5387761403349,Size class,Indian River-Malabar to Vero Beach Aquatic Preserve,Natural,25-75mm,Exact,1,4016,output/ManagedAreaName/model_results/GLMMs/IRMVBAP_sh25to75_glmm_Natural.rds
ran_pars,cond,UniversalReefID,sd__(Intercept),10.6459951566643,10.1863716251149,0.373704493320232,37.2980607368941,Size class,Indian River-Malabar to Vero Beach Aquatic Preserve,Natural,25-75mm,Exact,1,4016,output/ManagedAreaName/model_results/GLMMs/IRMVBAP_sh25to75_glmm_Natural.rds
ran_pars,cond,Residual,sd__Observation,18.836610987461,2.45020894739736,15.1562707119405,24.6267223040184,Size class,Indian River-Malabar to Vero Beach Aquatic Preserve,Natural,25-75mm,Exact,1,4016,output/ManagedAreaName/model_results/GLMMs/IRMVBAP_sh25to75_glmm_Natural.rds
fixed,cond,,(Intercept),41.8425353970841,17.9465742071482,5.0683565816569,77.6837588734215,Size class,Indian River-Vero Beach to Ft. Pierce Aquatic Preserve,Natural,25-75mm,Exact,1,4016,output/ManagedAreaName/model_results/GLMMs/IRVBFPAP_sh25to75_glmm_Natural.rds
fixed,cond,,RelYear,-0.114461600119501,0.286947529814191,-0.680609482704979,0.482154258884704,Size class,Indian River-Vero Beach to Ft. Pierce Aquatic Preserve,Natural,25-75mm,Exact,1,4016,output/ManagedAreaName/model_results/GLMMs/IRVBFPAP_sh25to75_glmm_Natural.rds
ran_pars,cond,UniversalReefID,sd__(Intercept),10.6888584141172,4.48005391628762,4.9822119493572,22.4458085662732,Size class,Indian River-Vero Beach to Ft. Pierce Aquatic Preserve,Natural,25-75mm,Exact,1,4016,output/ManagedAreaName/model_results/GLMMs/IRVBFPAP_sh25to75_glmm_Natural.rds
ran_pars,cond,Residual,sd__Observation,19.1089173457931,1.05336314908739,17.2886360354036,21.4258447459406,Size class,Indian River-Vero Beach to Ft. Pierce Aquatic Preserve,Natural,25-75mm,Exact,1,4016,output/ManagedAreaName/model_results/GLMMs/IRVBFPAP_sh25to75_glmm_Natural.rds
fixed,cond,,(Intercept),187.038894802365,89.0165162954961,40.5675273314754,392.95282827035,Size class,Indian River-Vero Beach to Ft. Pierce Aquatic Preserve,Natural,>75mm,Exact,1,4016,output/ManagedAreaName/model_results/GLMMs/IRVBFPAP_sho75_glmm_Natural.rds
fixed,cond,,RelYear,-1.99921623692297,1.56220137290532,-5.69904725845846,0.465931991807304,Size class,Indian River-Vero Beach to Ft. Pierce Aquatic Preserve,Natural,>75mm,Exact,1,4016,output/ManagedAreaName/model_results/GLMMs/IRVBFPAP_sho75_glmm_Natural.rds
ran_pars,cond,UniversalReefID,sd__(Intercept),4.04524931134291,4.01752535101569,0.126008879295116,14.6733667371154,Size class,Indian River-Vero Beach to Ft. Pierce Aquatic Preserve,Natural,>75mm,Exact,1,4016,output/ManagedAreaName/model_results/GLMMs/IRVBFPAP_sho75_glmm_Natural.rds
ran_pars,cond,Residual,sd__Observation,15.0665999748338,3.1058429461353,10.7588560297631,22.5028434695805,Size class,Indian River-Vero Beach to Ft. Pierce Aquatic Preserve,Natural,>75mm,Exact,1,4016,output/ManagedAreaName/model_results/GLMMs/IRVBFPAP_sho75_glmm_Natural.rds
fixed,cond,,(Intercept),43.6560783300323,4.06210224683319,34.9669784084989,50.9932610722978,Size class,Pine Island Sound Aquatic Preserve,Natural,25-75mm,Exact,1,4012,output/ManagedAreaName/model_results/GLMMs/PISAP_sh25to75_glmm_Natural.rds
fixed,cond,,RelYear,-3.87974711883918,1.12397494374036,-6.53525768926523,-2.14383379798771,Size class,Pine Island Sound Aquatic Preserve,Natural,25-75mm,Exact,1,4012,output/ManagedAreaName/model_results/GLMMs/PISAP_sh25to75_glmm_Natural.rds
ran_pars,cond,Residual,sd__Observation,26.504478669171,3.11229166286659,21.6618395655667,33.9101161923221,Size class,Pine Island Sound Aquatic Preserve,Natural,25-75mm,Exact,1,4012,output/ManagedAreaName/model_results/GLMMs/PISAP_sh25to75_glmm_Natural.rds
fixed,cond,,(Intercept),54.5827841305426,16.5993281370131,14.6518836954911,75.6833298161966,Size class,Pine Island Sound Aquatic Preserve,Natural,>75mm,Exact,1,4012,output/ManagedAreaName/model_results/GLMMs/PISAP_sho75_glmm_Natural.rds
fixed,cond,,RelYear,2.36514448386126,2.01260219209015,-1.18346909682453,6.83298001083124,Size class,Pine Island Sound Aquatic Preserve,Natural,>75mm,Exact,1,4012,output/ManagedAreaName/model_results/GLMMs/PISAP_sho75_glmm_Natural.rds
ran_pars,cond,Residual,sd__Observation,13.5607802093177,2.89763956587113,9.45109555146395,20.5384935711238,Size class,Pine Island Sound Aquatic Preserve,Natural,>75mm,Exact,1,4012,output/ManagedAreaName/model_results/GLMMs/PISAP_sho75_glmm_Natural.rds
fixed,cond,,(Intercept),-24.1117935804,63.1745339066789,-185.829631168014,43.4992094561634,Size class,Pine Island Sound Aquatic Preserve,Restored,25-75mm,Exact,1,4012,output/ManagedAreaName/model_results/GLMMs/PISAP_sh25to75_glmm_Restored.rds
fixed,cond,,RelYear,-8.80876111325473,10.5537990650249,-34.6433178651541,6.16727334383184,Size class,Pine Island Sound Aquatic Preserve,Restored,25-75mm,Exact,1,4012,output/ManagedAreaName/model_results/GLMMs/PISAP_sh25to75_glmm_Restored.rds
ran_pars,cond,Residual,sd__Observation,48.6374560875714,13.6294408169823,30.7079957898961,84.6703681272556,Size class,Pine Island Sound Aquatic Preserve,Restored,25-75mm,Exact,1,4012,output/ManagedAreaName/model_results/GLMMs/PISAP_sh25to75_glmm_Restored.rds
fixed,cond,,(Intercept),29.9390704498884,27.1764811992647,-39.8311442571913,68.6046302013873,Size class,Pine Island Sound Aquatic Preserve,Restored,>75mm,Exact,1,4012,output/ManagedAreaName/model_results/GLMMs/PISAP_sho75_glmm_Restored.rds
fixed,cond,,RelYear,10.3814573648179,4.6223460322014,3.04506499613204,21.321376151801,Size class,Pine Island Sound Aquatic Preserve,Restored,>75mm,Exact,1,4012,output/ManagedAreaName/model_results/GLMMs/PISAP_sho75_glmm_Restored.rds
ran_pars,cond,Residual,sd__Observation,15.7367860654222,4.00868605815963,10.0502009660754,25.3729679634769,Size class,Pine Island Sound Aquatic Preserve,Restored,>75mm,Exact,1,4012,output/ManagedAreaName/model_results/GLMMs/PISAP_sho75_glmm_Restored.rds
fixed,cond,,(Intercept),-15.3954052283023,26.3592876990741,-77.6957918661909,16.662555937534,Size class,Yellow River Marsh Aquatic Preserve,Restored,25-75mm,Exact,1,4044,output/ManagedAreaName/model_results/GLMMs/YRMAP_sh25to75_glmm_Restored.rds
fixed,cond,,RelYear,3.19193898060185,1.21745147803153,1.46951706264231,6.19707118868048,Size class,Yellow River Marsh Aquatic Preserve,Restored,25-75mm,Exact,1,4044,output/ManagedAreaName/model_results/GLMMs/YRMAP_sh25to75_glmm_Restored.rds
ran_pars,cond,UniversalReefID,sd__(Intercept),17.4014845726667,17.4927874293074,0.431373331737752,62.0318748358388,Size class,Yellow River Marsh Aquatic Preserve,Restored,25-75mm,Exact,1,4044,output/ManagedAreaName/model_results/GLMMs/YRMAP_sh25to75_glmm_Restored.rds
ran_pars,cond,Residual,sd__Observation,17.3732832540063,2.76678757197605,13.3786456533045,23.8193664642425,Size class,Yellow River Marsh Aquatic Preserve,Restored,25-75mm,Exact,1,4044,output/ManagedAreaName/model_results/GLMMs/YRMAP_sh25to75_glmm_Restored.rds
fixed,cond,,(Intercept),13.7625618709307,8.4747555470765,-2.68969823436963,30.4665366230534,Density,Apalachicola Bay Aquatic Preserve,Natural,NA,Exact,2,5063|5073,output/ManagedAreaName/model_results/GLMMs/ABAP_den_glmm9_Natural.rds
fixed,cond,,RelYear,-0.205997602522601,0.178114344459909,-0.560240269190126,0.134238765444705,Density,Apalachicola Bay Aquatic Preserve,Natural,NA,Exact,2,5063|5073,output/ManagedAreaName/model_results/GLMMs/ABAP_den_glmm9_Natural.rds
fixed,cond,,SubtidalTRUE,-0.449896947703699,1.54147892505191,-3.38405780769445,2.80916676616606,Density,Apalachicola Bay Aquatic Preserve,Natural,NA,Exact,2,5063|5073,output/ManagedAreaName/model_results/GLMMs/ABAP_den_glmm9_Natural.rds
fixed,cond,,QuadSize_m2,-1.13583058502031,1.07912124135281,-3.26102840545112,1.0123266534498,Density,Apalachicola Bay Aquatic Preserve,Natural,NA,Exact,2,5063|5073,output/ManagedAreaName/model_results/GLMMs/ABAP_den_glmm9_Natural.rds
ran_pars,cond,UniversalReefID,sd__(Intercept),1.58012804559495,2.45754097718405,0.0475953649143681,7.95810628166318,Density,Apalachicola Bay Aquatic Preserve,Natural,NA,Exact,2,5063|5073,output/ManagedAreaName/model_results/GLMMs/ABAP_den_glmm9_Natural.rds
ran_pars,cond,UniversalReefID,sd__RelYear,0.0415655633546742,0.0581511683666858,0.00147592122439869,0.194178480797386,Density,Apalachicola Bay Aquatic Preserve,Natural,NA,Exact,2,5063|5073,output/ManagedAreaName/model_results/GLMMs/ABAP_den_glmm9_Natural.rds
ran_pars,cond,UniversalReefID,cor__(Intercept).RelYear,-0.406338277167117,0.573134692492251,-0.998423262530303,0.842362311646908,Density,Apalachicola Bay Aquatic Preserve,Natural,NA,Exact,2,5063|5073,output/ManagedAreaName/model_results/GLMMs/ABAP_den_glmm9_Natural.rds
fixed,cond,,(Intercept),11.2069922807729,4.12207112826613,2.89712437303877,19.1991882737811,Density,Apalachicola Bay Aquatic Preserve,Restored,NA,Exact,2,5007|4044,output/ManagedAreaName/model_results/GLMMs/ABAP_den_glmm9_Restored.rds
fixed,cond,,RelYear,-0.150478891903658,0.0805277293923146,-0.306005795431984,0.0113296813264669,Density,Apalachicola Bay Aquatic Preserve,Restored,NA,Exact,2,5007|4044,output/ManagedAreaName/model_results/GLMMs/ABAP_den_glmm9_Restored.rds
ran_pars,cond,UniversalReefID,sd__(Intercept),21.8973603026605,2.91942246278626,17.0192826772867,28.227573110751,Density,Apalachicola Bay Aquatic Preserve,Restored,NA,Exact,2,5007|4044,output/ManagedAreaName/model_results/GLMMs/ABAP_den_glmm9_Restored.rds
ran_pars,cond,UniversalReefID,sd__RelYear,0.428501842157992,0.0569503065304984,0.333616331647493,0.553997467617948,Density,Apalachicola Bay Aquatic Preserve,Restored,NA,Exact,2,5007|4044,output/ManagedAreaName/model_results/GLMMs/ABAP_den_glmm9_Restored.rds
ran_pars,cond,UniversalReefID,cor__(Intercept).RelYear,-0.998227490181097,0.000671451855872311,-0.999205906592058,-0.996561460335343,Density,Apalachicola Bay Aquatic Preserve,Restored,NA,Exact,2,5007|4044,output/ManagedAreaName/model_results/GLMMs/ABAP_den_glmm9_Restored.rds
fixed,cond,,(Intercept),4.6227872014579,5.62107365105056,-6.76959401400887,15.9082206818847,Density,Apalachicola National Estuarine Research Reserve,Natural,NA,Exact,3,5063|5073|5075,output/ManagedAreaName/model_results/GLMMs/ANERR_den_glmm9_Natural.rds
fixed,cond,,RelYear,0.0251908184334882,0.116409248616194,-0.208526999882494,0.257620670372002,Density,Apalachicola National Estuarine Research Reserve,Natural,NA,Exact,3,5063|5073|5075,output/ManagedAreaName/model_results/GLMMs/ANERR_den_glmm9_Natural.rds
fixed,cond,,SubtidalTRUE,-0.646413063116249,1.0645773820881,-2.7025235438425,1.53817675466077,Density,Apalachicola National Estuarine Research Reserve,Natural,NA,Exact,3,5063|5073|5075,output/ManagedAreaName/model_results/GLMMs/ANERR_den_glmm9_Natural.rds
fixed,cond,,QuadSize_m2,-1.89499617425552,0.782685341099036,-3.46316275724357,-0.403919921641526,Density,Apalachicola National Estuarine Research Reserve,Natural,NA,Exact,3,5063|5073|5075,output/ManagedAreaName/model_results/GLMMs/ANERR_den_glmm9_Natural.rds
ran_pars,cond,UniversalReefID,sd__RelYear,0.0209777996720629,0.0063580236938102,0.00763451261956237,0.0337663524256099,Density,Apalachicola National Estuarine Research Reserve,Natural,NA,Exact,3,5063|5073|5075,output/ManagedAreaName/model_results/GLMMs/ANERR_den_glmm9_Natural.rds
fixed,cond,,(Intercept),10.1806847695604,3.50850408515348,3.22943287883045,17.1517652210677,Density,Apalachicola National Estuarine Research Reserve,Restored,NA,Exact,2,5007|4044,output/ManagedAreaName/model_results/GLMMs/ANERR_den_glmm9_Restored.rds
fixed,cond,,RelYear,-0.130928007378844,0.0680967000075228,-0.265373116172394,0.00169399275997065,Density,Apalachicola National Estuarine Research Reserve,Restored,NA,Exact,2,5007|4044,output/ManagedAreaName/model_results/GLMMs/ANERR_den_glmm9_Restored.rds
ran_pars,cond,UniversalReefID,sd__(Intercept),21.8225827235905,2.5853643691183,17.2040817314564,27.3701862888231,Density,Apalachicola National Estuarine Research Reserve,Restored,NA,Exact,2,5007|4044,output/ManagedAreaName/model_results/GLMMs/ANERR_den_glmm9_Restored.rds
ran_pars,cond,UniversalReefID,sd__RelYear,0.424984431094562,0.0502273886469237,0.336537259181478,0.531555060813192,Density,Apalachicola National Estuarine Research Reserve,Restored,NA,Exact,2,5007|4044,output/ManagedAreaName/model_results/GLMMs/ANERR_den_glmm9_Restored.rds
ran_pars,cond,UniversalReefID,cor__(Intercept).RelYear,-0.996568215598563,0.00119078954891751,-0.998277292785566,-0.993644881373452,Density,Apalachicola National Estuarine Research Reserve,Restored,NA,Exact,2,5007|4044,output/ManagedAreaName/model_results/GLMMs/ANERR_den_glmm9_Restored.rds
fixed,cond,,(Intercept),7.06341904578515,1.44677570263953,4.25903082139806,9.86423976280433,Density,Estero Bay Aquatic Preserve,Natural,NA,Exact,1,4042,output/ManagedAreaName/model_results/GLMMs/EBAP_den_glmm9_Natural.rds
fixed,cond,,RelYear,-0.00816434340532869,0.0279704946018484,-0.061985554354361,0.0460680463874336,Density,Estero Bay Aquatic Preserve,Natural,NA,Exact,1,4042,output/ManagedAreaName/model_results/GLMMs/EBAP_den_glmm9_Natural.rds
fixed,cond,,QuadSize_m2,-1.09595552093771,0.863097652668412,-2.69948566540076,0.68798719903877,Density,Estero Bay Aquatic Preserve,Natural,NA,Exact,1,4042,output/ManagedAreaName/model_results/GLMMs/EBAP_den_glmm9_Natural.rds
ran_pars,cond,UniversalReefID,sd__(Intercept),0.5018818111193,0.458334931061873,0.024896502760617,1.77554199361878,Density,Estero Bay Aquatic Preserve,Natural,NA,Exact,1,4042,output/ManagedAreaName/model_results/GLMMs/EBAP_den_glmm9_Natural.rds
ran_pars,cond,UniversalReefID,sd__RelYear,0.00937235533387918,0.00897991276807909,0.000464086245672357,0.0350392055760776,Density,Estero Bay Aquatic Preserve,Natural,NA,Exact,1,4042,output/ManagedAreaName/model_results/GLMMs/EBAP_den_glmm9_Natural.rds
ran_pars,cond,UniversalReefID,cor__(Intercept).RelYear,-0.307749861188955,0.5830987750104,-0.988977409410342,0.878508318824966,Density,Estero Bay Aquatic Preserve,Natural,NA,Exact,1,4042,output/ManagedAreaName/model_results/GLMMs/EBAP_den_glmm9_Natural.rds
fixed,cond,,(Intercept),8.59174698141263,0.321459790365915,7.98902650702534,9.2331029749146,Density,Guana River Marsh Aquatic Preserve,Natural,NA,Exact,2,5017|4000,output/ManagedAreaName/model_results/GLMMs/GRMAP_den_glmm9_Natural.rds
fixed,cond,,RelYear,-0.0782681031957401,0.0143899285554992,-0.106932566859757,-0.0507968101036054,Density,Guana River Marsh Aquatic Preserve,Natural,NA,Exact,2,5017|4000,output/ManagedAreaName/model_results/GLMMs/GRMAP_den_glmm9_Natural.rds
ran_pars,cond,UniversalReefID,sd__(Intercept),0.815432037714012,0.56524182711703,0.10601628222656,2.19622636576029,Density,Guana River Marsh Aquatic Preserve,Natural,NA,Exact,2,5017|4000,output/ManagedAreaName/model_results/GLMMs/GRMAP_den_glmm9_Natural.rds
ran_pars,cond,UniversalReefID,sd__RelYear,0.0277279423821295,0.0246971344130908,0.000800171709829415,0.0889051893375827,Density,Guana River Marsh Aquatic Preserve,Natural,NA,Exact,2,5017|4000,output/ManagedAreaName/model_results/GLMMs/GRMAP_den_glmm9_Natural.rds
ran_pars,cond,UniversalReefID,cor__(Intercept).RelYear,-0.593106344941305,0.517794807098073,-0.995881956222653,0.783225300571437,Density,Guana River Marsh Aquatic Preserve,Natural,NA,Exact,2,5017|4000,output/ManagedAreaName/model_results/GLMMs/GRMAP_den_glmm9_Natural.rds
fixed,cond,,(Intercept),14.0712636283585,0.62941696981009,12.8485836670299,15.3154103758587,Density,Guana Tolomato Matanzas National Estuarine Research Reserve,Natural,NA,Exact,2,5017|4000,output/ManagedAreaName/model_results/GLMMs/GTMNERR_den_glmm9_Natural.rds
fixed,cond,,RelYear,-0.12775946766562,0.0110264716134307,-0.149916111622797,-0.106197432282564,Density,Guana Tolomato Matanzas National Estuarine Research Reserve,Natural,NA,Exact,2,5017|4000,output/ManagedAreaName/model_results/GLMMs/GTMNERR_den_glmm9_Natural.rds
ran_pars,cond,UniversalReefID,sd__(Intercept),5.11015832546548,0.873981802153494,3.41948011326352,6.82269612167668,Density,Guana Tolomato Matanzas National Estuarine Research Reserve,Natural,NA,Exact,2,5017|4000,output/ManagedAreaName/model_results/GLMMs/GTMNERR_den_glmm9_Natural.rds
ran_pars,cond,UniversalReefID,sd__RelYear,0.0882961700146494,0.0150908956275629,0.0597678213912327,0.117990854076037,Density,Guana Tolomato Matanzas National Estuarine Research Reserve,Natural,NA,Exact,2,5017|4000,output/ManagedAreaName/model_results/GLMMs/GTMNERR_den_glmm9_Natural.rds
ran_pars,cond,UniversalReefID,cor__(Intercept).RelYear,-0.995037594500739,0.00277819726137612,-0.998190442070825,-0.987616397399583,Density,Guana Tolomato Matanzas National Estuarine Research Reserve,Natural,NA,Exact,2,5017|4000,output/ManagedAreaName/model_results/GLMMs/GTMNERR_den_glmm9_Natural.rds
fixed,cond,,(Intercept),7.15022445324828,2.40389179694221,2.38926540722044,11.9490218899952,Density,Indian River-Malabar to Vero Beach Aquatic Preserve,Natural,NA,Exact,1,4016,output/ManagedAreaName/model_results/GLMMs/IRMVBAP_den_glmm9_Natural.rds
fixed,cond,,RelYear,-0.25179745268198,0.831008449524562,-2.01774393803872,1.39221065835579,Density,Indian River-Malabar to Vero Beach Aquatic Preserve,Natural,NA,Exact,1,4016,output/ManagedAreaName/model_results/GLMMs/IRMVBAP_den_glmm9_Natural.rds
ran_pars,cond,UniversalReefID,sd__(Intercept),2.29351643532915,2.40186871330071,0.0710950987572846,8.43497663261402,Density,Indian River-Malabar to Vero Beach Aquatic Preserve,Natural,NA,Exact,1,4016,output/ManagedAreaName/model_results/GLMMs/IRMVBAP_den_glmm9_Natural.rds
ran_pars,cond,UniversalReefID,sd__RelYear,1.5384518023085,1.75167554307414,0.0446425165888165,5.75105099619832,Density,Indian River-Malabar to Vero Beach Aquatic Preserve,Natural,NA,Exact,1,4016,output/ManagedAreaName/model_results/GLMMs/IRMVBAP_den_glmm9_Natural.rds
ran_pars,cond,UniversalReefID,cor__(Intercept).RelYear,-0.0708793324461861,0.58148894975237,-0.956578200471076,0.940757681709275,Density,Indian River-Malabar to Vero Beach Aquatic Preserve,Natural,NA,Exact,1,4016,output/ManagedAreaName/model_results/GLMMs/IRMVBAP_den_glmm9_Natural.rds
fixed,cond,,(Intercept),14.1205439155991,2.52407590108965,9.40517724241678,19.3308770217636,Density,Indian River-Vero Beach to Ft. Pierce Aquatic Preserve,Natural,NA,Exact,1,4016,output/ManagedAreaName/model_results/GLMMs/IRVBFPAP_den_glmm9_Natural.rds
fixed,cond,,RelYear,-0.137105064091447,0.0425343018572395,-0.224639482995271,-0.058046920035549,Density,Indian River-Vero Beach to Ft. Pierce Aquatic Preserve,Natural,NA,Exact,1,4016,output/ManagedAreaName/model_results/GLMMs/IRVBFPAP_den_glmm9_Natural.rds
ran_pars,cond,UniversalReefID,sd__(Intercept),0.970291411360903,0.985558874916058,0.0345843717250074,3.82003084420927,Density,Indian River-Vero Beach to Ft. Pierce Aquatic Preserve,Natural,NA,Exact,1,4016,output/ManagedAreaName/model_results/GLMMs/IRVBFPAP_den_glmm9_Natural.rds
ran_pars,cond,UniversalReefID,sd__RelYear,0.0191387060932653,0.0191926932497711,0.000662243918298416,0.0722152568396509,Density,Indian River-Vero Beach to Ft. Pierce Aquatic Preserve,Natural,NA,Exact,1,4016,output/ManagedAreaName/model_results/GLMMs/IRVBFPAP_den_glmm9_Natural.rds
ran_pars,cond,UniversalReefID,cor__(Intercept).RelYear,-0.332592836499096,0.586442440666958,-0.991420224984482,0.894733345703889,Density,Indian River-Vero Beach to Ft. Pierce Aquatic Preserve,Natural,NA,Exact,1,4016,output/ManagedAreaName/model_results/GLMMs/IRVBFPAP_den_glmm9_Natural.rds
fixed,cond,,(Intercept),7.62375231995333,2.0741212181028,3.33279174781193,11.7250234796655,Density,Lemon Bay Aquatic Preserve,Natural,NA,Exact,1,972,output/ManagedAreaName/model_results/GLMMs/LBAP_den_glmm9_Natural.rds
fixed,cond,,RelYear,-0.0192092309550662,0.0373047948294609,-0.091934391979655,0.0583278959366771,Density,Lemon Bay Aquatic Preserve,Natural,NA,Exact,1,972,output/ManagedAreaName/model_results/GLMMs/LBAP_den_glmm9_Natural.rds
ran_pars,cond,UniversalReefID,sd__(Intercept),4.76415737579173,1.52954646607831,2.58504531954986,8.48057874501427,Density,Lemon Bay Aquatic Preserve,Natural,NA,Exact,1,972,output/ManagedAreaName/model_results/GLMMs/LBAP_den_glmm9_Natural.rds
ran_pars,cond,UniversalReefID,sd__RelYear,0.0849179122248906,0.0276961775300757,0.0464351249048779,0.152964022937681,Density,Lemon Bay Aquatic Preserve,Natural,NA,Exact,1,972,output/ManagedAreaName/model_results/GLMMs/LBAP_den_glmm9_Natural.rds
ran_pars,cond,UniversalReefID,cor__(Intercept).RelYear,-0.958127052748864,0.0678616189243031,-0.997490718824551,-0.79467470019947,Density,Lemon Bay Aquatic Preserve,Natural,NA,Exact,1,972,output/ManagedAreaName/model_results/GLMMs/LBAP_den_glmm9_Natural.rds
fixed,cond,,(Intercept),6.37625955313168,0.33663860584827,5.72327251384385,7.06974137651517,Density,Pine Island Sound Aquatic Preserve,Natural,NA,Exact,1,4012,output/ManagedAreaName/model_results/GLMMs/PISAP_den_glmm9_Natural.rds
fixed,cond,,RelYear,-0.262568802858029,0.498612231809353,-1.30389322581062,0.748963463953004,Density,Pine Island Sound Aquatic Preserve,Natural,NA,Exact,1,4012,output/ManagedAreaName/model_results/GLMMs/PISAP_den_glmm9_Natural.rds
ran_pars,cond,UniversalReefID,sd__RelYear,1.1505257807832,1.10981839943839,0.216110408235341,4.2195195760018,Density,Pine Island Sound Aquatic Preserve,Natural,NA,Exact,1,4012,output/ManagedAreaName/model_results/GLMMs/PISAP_den_glmm9_Natural.rds
fixed,cond,,(Intercept),7.93394974456651,0.441044446244785,7.09329506569224,8.84443176676653,Density,Pine Island Sound Aquatic Preserve,Restored,NA,Exact,1,4012,output/ManagedAreaName/model_results/GLMMs/PISAP_den_glmm9_Restored.rds
fixed,cond,,RelYear,-0.533501552300951,0.466606374023007,-1.51029383854643,0.41787242322595,Density,Pine Island Sound Aquatic Preserve,Restored,NA,Exact,1,4012,output/ManagedAreaName/model_results/GLMMs/PISAP_den_glmm9_Restored.rds
ran_pars,cond,UniversalReefID,sd__RelYear,1.24870756665742,1.43867141589931,0.0237990566626044,5.11951532068109,Density,Pine Island Sound Aquatic Preserve,Restored,NA,Exact,1,4012,output/ManagedAreaName/model_results/GLMMs/PISAP_den_glmm9_Restored.rds
fixed,cond,,(Intercept),3.67352631678001,2.44041727716834,-1.17587791723283,8.62382863958717,Density,Yellow River Marsh Aquatic Preserve,Restored,NA,Exact,1,4044,output/ManagedAreaName/model_results/GLMMs/YRMAP_den_glmm9_Restored.rds
fixed,cond,,RelYear,0.128911904972513,0.441379103841462,-0.800627026506504,1.10749294634263,Density,Yellow River Marsh Aquatic Preserve,Restored,NA,Exact,1,4044,output/ManagedAreaName/model_results/GLMMs/YRMAP_den_glmm9_Restored.rds
ran_pars,cond,UniversalReefID,sd__(Intercept),2.33758519807547,2.34694059124748,0.0876208602505604,8.27975930386242,Density,Yellow River Marsh Aquatic Preserve,Restored,NA,Exact,1,4044,output/ManagedAreaName/model_results/GLMMs/YRMAP_den_glmm9_Restored.rds
ran_pars,cond,UniversalReefID,sd__RelYear,1.16196135510547,1.25420790482905,0.0316163118860839,4.67953963885891,Density,Yellow River Marsh Aquatic Preserve,Restored,NA,Exact,1,4044,output/ManagedAreaName/model_results/GLMMs/YRMAP_den_glmm9_Restored.rds
ran_pars,cond,UniversalReefID,cor__(Intercept).RelYear,-0.0800684032385582,0.575754325996788,-0.958391599363817,0.932139673632648,Density,Yellow River Marsh Aquatic Preserve,Restored,NA,Exact,1,4044,output/ManagedAreaName/model_results/GLMMs/YRMAP_den_glmm9_Restored.rds
fixed,cond,,(Intercept),-121.515717134872,17.8993746315792,-156.084238515976,-86.280780162959,Percent live,Apalachicola Bay Aquatic Preserve,Natural,NA,Exact,1,5010,output/ManagedAreaName/model_results/GLMMs/ABAP_pct_glmm_Natural.rds
fixed,cond,,RelYear,2.36913219312726,0.33385301930287,1.71958874482113,3.01805249958935,Percent live,Apalachicola Bay Aquatic Preserve,Natural,NA,Exact,1,5010,output/ManagedAreaName/model_results/GLMMs/ABAP_pct_glmm_Natural.rds
ran_pars,cond,UniversalReefID,sd__(Intercept),8.24908254217746,1.87256505102887,5.35290836409014,12.8349387751949,Percent live,Apalachicola Bay Aquatic Preserve,Natural,NA,Exact,1,5010,output/ManagedAreaName/model_results/GLMMs/ABAP_pct_glmm_Natural.rds
ran_pars,cond,Residual,sd__Observation,8.26054927886259,0.445466614838524,7.44442833778262,9.1551157459751,Percent live,Apalachicola Bay Aquatic Preserve,Natural,NA,Exact,1,5010,output/ManagedAreaName/model_results/GLMMs/ABAP_pct_glmm_Natural.rds
fixed,cond,,(Intercept),149.980046361292,18.3396251397258,115.040095998559,186.775413229738,Percent live,Apalachicola Bay Aquatic Preserve,Restored,NA,Exact,2,5007|4044,output/ManagedAreaName/model_results/GLMMs/ABAP_pct_glmm_Restored.rds
fixed,cond,,RelYear,-1.76949856966903,0.346680737930384,-2.4742972597013,-1.09336367266189,Percent live,Apalachicola Bay Aquatic Preserve,Restored,NA,Exact,2,5007|4044,output/ManagedAreaName/model_results/GLMMs/ABAP_pct_glmm_Restored.rds
ran_pars,cond,UniversalReefID,sd__(Intercept),25.3507908084862,3.22843556333896,19.8033558654192,32.620294957015,Percent live,Apalachicola Bay Aquatic Preserve,Restored,NA,Exact,2,5007|4044,output/ManagedAreaName/model_results/GLMMs/ABAP_pct_glmm_Restored.rds
ran_pars,cond,Residual,sd__Observation,35.4745706963435,0.498939870678457,34.524873491078,36.4781356601921,Percent live,Apalachicola Bay Aquatic Preserve,Restored,NA,Exact,2,5007|4044,output/ManagedAreaName/model_results/GLMMs/ABAP_pct_glmm_Restored.rds
fixed,cond,,(Intercept),-62.9036370810101,14.7003971079857,-92.8920629585594,-34.2160555025704,Percent live,Apalachicola National Estuarine Research Reserve,Natural,NA,Exact,2,5075|5010,output/ManagedAreaName/model_results/GLMMs/ANERR_pct_glmm_Natural.rds
fixed,cond,,RelYear,1.33396929615884,0.275616946385805,0.797119102539495,1.88439444801481,Percent live,Apalachicola National Estuarine Research Reserve,Natural,NA,Exact,2,5075|5010,output/ManagedAreaName/model_results/GLMMs/ANERR_pct_glmm_Natural.rds
ran_pars,cond,UniversalReefID,sd__(Intercept),10.8441183203034,1.75109185650761,7.93572996656617,14.6890415798375,Percent live,Apalachicola National Estuarine Research Reserve,Natural,NA,Exact,2,5075|5010,output/ManagedAreaName/model_results/GLMMs/ANERR_pct_glmm_Natural.rds
ran_pars,cond,Residual,sd__Observation,8.22073646559322,0.358242618370463,7.57009897722378,8.96746719314917,Percent live,Apalachicola National Estuarine Research Reserve,Natural,NA,Exact,2,5075|5010,output/ManagedAreaName/model_results/GLMMs/ANERR_pct_glmm_Natural.rds
fixed,cond,,(Intercept),136.541518090973,15.3866810648958,106.624534859945,166.569864717026,Percent live,Apalachicola National Estuarine Research Reserve,Restored,NA,Exact,2,5007|4044,output/ManagedAreaName/model_results/GLMMs/ANERR_pct_glmm_Restored.rds
fixed,cond,,RelYear,-1.40472188305306,0.291291858045878,-1.97230846307257,-0.84439980878448,Percent live,Apalachicola National Estuarine Research Reserve,Restored,NA,Exact,2,5007|4044,output/ManagedAreaName/model_results/GLMMs/ANERR_pct_glmm_Restored.rds
ran_pars,cond,UniversalReefID,sd__(Intercept),25.5519266903976,2.80254011213004,20.4672350363519,31.531723580882,Percent live,Apalachicola National Estuarine Research Reserve,Restored,NA,Exact,2,5007|4044,output/ManagedAreaName/model_results/GLMMs/ANERR_pct_glmm_Restored.rds
ran_pars,cond,Residual,sd__Observation,31.7424375817276,0.404020309655636,30.9749639712712,32.5271348520841,Percent live,Apalachicola National Estuarine Research Reserve,Restored,NA,Exact,2,5007|4044,output/ManagedAreaName/model_results/GLMMs/ANERR_pct_glmm_Restored.rds
fixed,cond,,(Intercept),61.288863233452,30.0685958958759,2.53177199422843,122.236024357334,Percent live,Estero Bay Aquatic Preserve,Natural,NA,Exact,1,4042,output/ManagedAreaName/model_results/GLMMs/EBAP_pct_glmm_Natural.rds
fixed,cond,,RelYear,-0.630478478284676,0.577243165415771,-1.8281528912705,0.48584311151378,Percent live,Estero Bay Aquatic Preserve,Natural,NA,Exact,1,4042,output/ManagedAreaName/model_results/GLMMs/EBAP_pct_glmm_Natural.rds
ran_pars,cond,UniversalReefID,sd__(Intercept),15.9273748329136,3.17811959252459,10.810048659271,23.1417952895264,Percent live,Estero Bay Aquatic Preserve,Natural,NA,Exact,1,4042,output/ManagedAreaName/model_results/GLMMs/EBAP_pct_glmm_Natural.rds
ran_pars,cond,Residual,sd__Observation,17.3095930795391,0.804740233281181,15.7912293360398,19.0344415024281,Percent live,Estero Bay Aquatic Preserve,Natural,NA,Exact,1,4042,output/ManagedAreaName/model_results/GLMMs/EBAP_pct_glmm_Natural.rds
fixed,cond,,(Intercept),24.61933222915,3.34142600352048,18.2421136623244,31.2433812491809,Percent live,Guana River Marsh Aquatic Preserve,Natural,NA,Exact,2,5017|4000,output/ManagedAreaName/model_results/GLMMs/GRMAP_pct_glmm_Natural.rds
fixed,cond,,RelYear,-0.00610973577890781,0.144721824707136,-0.286342271598924,0.27576988878174,Percent live,Guana River Marsh Aquatic Preserve,Natural,NA,Exact,2,5017|4000,output/ManagedAreaName/model_results/GLMMs/GRMAP_pct_glmm_Natural.rds
ran_pars,cond,UniversalReefID,sd__(Intercept),8.79961242246738,0.746271641847024,7.47961852704401,10.3485841074592,Percent live,Guana River Marsh Aquatic Preserve,Natural,NA,Exact,2,5017|4000,output/ManagedAreaName/model_results/GLMMs/GRMAP_pct_glmm_Natural.rds
ran_pars,cond,Residual,sd__Observation,8.78366169812137,0.219000506001455,8.35626508922563,9.21988292256756,Percent live,Guana River Marsh Aquatic Preserve,Natural,NA,Exact,2,5017|4000,output/ManagedAreaName/model_results/GLMMs/GRMAP_pct_glmm_Natural.rds
fixed,cond,,(Intercept),50.5210830425556,5.15291250260914,40.5153949230027,60.4623338724078,Percent live,Guana Tolomato Matanzas National Estuarine Research Reserve,Natural,NA,Exact,2,5017|4000,output/ManagedAreaName/model_results/GLMMs/GTMNERR_pct_glmm_Natural.rds
fixed,cond,,RelYear,-0.477882907085452,0.0907179319782697,-0.652169052107033,-0.300433466426695,Percent live,Guana Tolomato Matanzas National Estuarine Research Reserve,Natural,NA,Exact,2,5017|4000,output/ManagedAreaName/model_results/GLMMs/GTMNERR_pct_glmm_Natural.rds
ran_pars,cond,UniversalReefID,sd__(Intercept),9.52071919426654,0.482826759832614,8.60783034868274,10.4872546382491,Percent live,Guana Tolomato Matanzas National Estuarine Research Reserve,Natural,NA,Exact,2,5017|4000,output/ManagedAreaName/model_results/GLMMs/GTMNERR_pct_glmm_Natural.rds
ran_pars,cond,Residual,sd__Observation,8.79168624407759,0.144354384275324,8.5126544560621,9.08833168458641,Percent live,Guana Tolomato Matanzas National Estuarine Research Reserve,Natural,NA,Exact,2,5017|4000,output/ManagedAreaName/model_results/GLMMs/GTMNERR_pct_glmm_Natural.rds
fixed,cond,,(Intercept),27.9373856962611,10.7305721278595,6.12319950540036,50.9147687858726,Percent live,Indian River-Malabar to Vero Beach Aquatic Preserve,Natural,NA,Exact,1,4016,output/ManagedAreaName/model_results/GLMMs/IRMVBAP_pct_glmm_Natural.rds
fixed,cond,,RelYear,-3.38731022167478,0.763119131024734,-4.86473278607223,-1.86361137674069,Percent live,Indian River-Malabar to Vero Beach Aquatic Preserve,Natural,NA,Exact,1,4016,output/ManagedAreaName/model_results/GLMMs/IRMVBAP_pct_glmm_Natural.rds
ran_pars,cond,UniversalReefID,sd__(Intercept),13.3924598365416,13.7198764023313,0.328883317460352,46.5766670174121,Percent live,Indian River-Malabar to Vero Beach Aquatic Preserve,Natural,NA,Exact,1,4016,output/ManagedAreaName/model_results/GLMMs/IRMVBAP_pct_glmm_Natural.rds
ran_pars,cond,Residual,sd__Observation,12.9406805729087,0.988844835926376,11.183062040348,15.0244220455264,Percent live,Indian River-Malabar to Vero Beach Aquatic Preserve,Natural,NA,Exact,1,4016,output/ManagedAreaName/model_results/GLMMs/IRMVBAP_pct_glmm_Natural.rds
fixed,cond,,(Intercept),116.638721732611,10.5250757395661,95.6133392097018,137.198620383893,Percent live,Indian River-Vero Beach to Ft. Pierce Aquatic Preserve,Natural,NA,Exact,1,4016,output/ManagedAreaName/model_results/GLMMs/IRVBFPAP_pct_glmm_Natural.rds
fixed,cond,,RelYear,-1.78508080668475,0.15777601591175,-2.09062488832441,-1.47795280300835,Percent live,Indian River-Vero Beach to Ft. Pierce Aquatic Preserve,Natural,NA,Exact,1,4016,output/ManagedAreaName/model_results/GLMMs/IRVBFPAP_pct_glmm_Natural.rds
ran_pars,cond,UniversalReefID,sd__(Intercept),11.9997032464896,3.92524582559777,6.68606327795759,21.1711435599279,Percent live,Indian River-Vero Beach to Ft. Pierce Aquatic Preserve,Natural,NA,Exact,1,4016,output/ManagedAreaName/model_results/GLMMs/IRVBFPAP_pct_glmm_Natural.rds
ran_pars,cond,Residual,sd__Observation,8.43055380032244,0.266586271033228,7.92646750160106,8.97158636530271,Percent live,Indian River-Vero Beach to Ft. Pierce Aquatic Preserve,Natural,NA,Exact,1,4016,output/ManagedAreaName/model_results/GLMMs/IRVBFPAP_pct_glmm_Natural.rds
fixed,cond,,(Intercept),15.3453019213866,5.50339739517344,3.35858983600062,26.2886514180663,Percent live,Jensen Beach to Jupiter Inlet Aquatic Preserve,Natural,NA,Exact,1,4016,output/ManagedAreaName/model_results/GLMMs/JBJIAP_pct_glmm_Natural.rds
fixed,cond,,RelYear,-2.30813704098021,0.783011515493092,-3.81912193150032,-0.747129331649825,Percent live,Jensen Beach to Jupiter Inlet Aquatic Preserve,Natural,NA,Exact,1,4016,output/ManagedAreaName/model_results/GLMMs/JBJIAP_pct_glmm_Natural.rds
ran_pars,cond,UniversalReefID,sd__(Intercept),5.96073651878968,5.71460267042896,0.201459533841384,21.7928856576962,Percent live,Jensen Beach to Jupiter Inlet Aquatic Preserve,Natural,NA,Exact,1,4016,output/ManagedAreaName/model_results/GLMMs/JBJIAP_pct_glmm_Natural.rds
ran_pars,cond,Residual,sd__Observation,10.7086803053135,0.916443848280015,9.06444308406198,12.7171528906218,Percent live,Jensen Beach to Jupiter Inlet Aquatic Preserve,Natural,NA,Exact,1,4016,output/ManagedAreaName/model_results/GLMMs/JBJIAP_pct_glmm_Natural.rds
fixed,cond,,(Intercept),78.2740000955339,17.2297953537004,44.0306359279281,112.122668610259,Percent live,Lemon Bay Aquatic Preserve,Natural,NA,Exact,2,972|5035,output/ManagedAreaName/model_results/GLMMs/LBAP_pct_glmm_Natural.rds
fixed,cond,,RelYear,-0.362727970616508,0.18501521550987,-0.712886988200872,0.0086824822709475,Percent live,Lemon Bay Aquatic Preserve,Natural,NA,Exact,2,972|5035,output/ManagedAreaName/model_results/GLMMs/LBAP_pct_glmm_Natural.rds
ran_pars,cond,PercentLiveMethod,sd__(Intercept),25.4103889480293,14.9739504198146,5.4676492688347,62.9229061874408,Percent live,Lemon Bay Aquatic Preserve,Natural,NA,Exact,2,972|5035,output/ManagedAreaName/model_results/GLMMs/LBAP_pct_glmm_Natural.rds
ran_pars,cond,UniversalReefID,sd__(Intercept),12.0696318413704,4.22638736038438,6.24000448200139,22.2656982657667,Percent live,Lemon Bay Aquatic Preserve,Natural,NA,Exact,2,972|5035,output/ManagedAreaName/model_results/GLMMs/LBAP_pct_glmm_Natural.rds
ran_pars,cond,Residual,sd__Observation,21.113505341091,0.698382373943005,19.8009602047004,22.5598557531824,Percent live,Lemon Bay Aquatic Preserve,Natural,NA,Exact,2,972|5035,output/ManagedAreaName/model_results/GLMMs/LBAP_pct_glmm_Natural.rds
fixed,cond,,(Intercept),-50.2086151828906,61.5940462605377,-190.940057953784,47.5459061130556,Percent live,Pine Island Sound Aquatic Preserve,Natural,NA,Exact,1,4012,output/ManagedAreaName/model_results/GLMMs/PISAP_pct_glmm_Natural.rds
fixed,cond,,RelYear,11.5435778831113,6.76129552490758,0.91821698580846,26.0662203149027,Percent live,Pine Island Sound Aquatic Preserve,Natural,NA,Exact,1,4012,output/ManagedAreaName/model_results/GLMMs/PISAP_pct_glmm_Natural.rds
ran_pars,cond,UniversalReefID,sd__(Intercept),34.5295992881631,28.7321057426837,1.58879106617771,108.36987360883,Percent live,Pine Island Sound Aquatic Preserve,Natural,NA,Exact,1,4012,output/ManagedAreaName/model_results/GLMMs/PISAP_pct_glmm_Natural.rds
ran_pars,cond,Residual,sd__Observation,35.3916813983232,8.98112409074949,24.1234928070952,57.5507832608839,Percent live,Pine Island Sound Aquatic Preserve,Natural,NA,Exact,1,4012,output/ManagedAreaName/model_results/GLMMs/PISAP_pct_glmm_Natural.rds
fixed,cond,,(Intercept),24.1836946552565,28.5294560218344,-34.0552082572025,79.9138275513846,Percent live,Pine Island Sound Aquatic Preserve,Restored,NA,Exact,1,4012,output/ManagedAreaName/model_results/GLMMs/PISAP_pct_glmm_Restored.rds
fixed,cond,,RelYear,3.80490592608523,3.43756102791591,-3.07591457465715,10.5364072810676,Percent live,Pine Island Sound Aquatic Preserve,Restored,NA,Exact,1,4012,output/ManagedAreaName/model_results/GLMMs/PISAP_pct_glmm_Restored.rds
ran_pars,cond,UniversalReefID,sd__(Intercept),19.3113766741742,19.3731511695718,0.611682294945015,66.8942302747634,Percent live,Pine Island Sound Aquatic Preserve,Restored,NA,Exact,1,4012,output/ManagedAreaName/model_results/GLMMs/PISAP_pct_glmm_Restored.rds
ran_pars,cond,Residual,sd__Observation,25.8158711194104,3.17206996844968,20.537620598413,32.833347968132,Percent live,Pine Island Sound Aquatic Preserve,Restored,NA,Exact,1,4012,output/ManagedAreaName/model_results/GLMMs/PISAP_pct_glmm_Restored.rds
fixed,cond,,(Intercept),31.4341976954788,17.3316265864133,-2.34463585805516,66.0577163861058,Percent live,Yellow River Marsh Aquatic Preserve,Restored,NA,Exact,1,4044,output/ManagedAreaName/model_results/GLMMs/YRMAP_pct_glmm_Restored.rds
fixed,cond,,RelYear,6.75295725783273,1.80769460692198,3.23634486817073,10.427622235462,Percent live,Yellow River Marsh Aquatic Preserve,Restored,NA,Exact,1,4044,output/ManagedAreaName/model_results/GLMMs/YRMAP_pct_glmm_Restored.rds
ran_pars,cond,UniversalReefID,sd__(Intercept),10.3239559056282,9.15337758159833,0.506077634919688,31.1292256695731,Percent live,Yellow River Marsh Aquatic Preserve,Restored,NA,Exact,1,4044,output/ManagedAreaName/model_results/GLMMs/YRMAP_pct_glmm_Restored.rds
ran_pars,cond,Residual,sd__Observation,35.8935430685374,2.9375995588471,30.7397927920378,42.2016118051728,Percent live,Yellow River Marsh Aquatic Preserve,Restored,NA,Exact,1,4044,output/ManagedAreaName/model_results/GLMMs/YRMAP_pct_glmm_Restored.rds
