AreaID,ManagedAreaName,ParameterName,SizeClass,HabitatType,ShellType,N_Years,SufficientData,EarliestLiveDate,LatestLiveDate,LastSampleDate,N_Data,Min,Max,Median,Mean,StandardDeviation,Programs,ProgramIDs,Intercept,ModelEstimate,StandardError,LowerConfidence,UpperConfidence,TrendIcon,TrendText
2,Apalachicola Bay Aquatic Preserve,Density,,Natural,Live Oysters,6,TRUE,2010,2016,2016-11-16T00:00:00Z,235,0,990,1,39.6553191489362,120.494974198328,"Deepwater Horizon NRDA Oyster Technical Working Group Oyster Quadrat Abundance Sampling, Distribution and Condition of Intertidal Eastern Oyster (Crassostrea virginica) Reefs in Apalachicola Bay Florida Based on High-Resolution Satellite Imagery","5063, 5073",165.276669067005,-20.881652364405,42.9212905182776,-114.542234676062,7.93991831670014,0,No detectable trend
2,Apalachicola Bay Aquatic Preserve,Density,,Restored,Live Oysters,7,TRUE,2016,2023,2023-08-15T00:00:00Z,2550,0,1380,8,67.2956862745098,140.182785810676,"NRDA Oyster Cultch Recovery Project, RESTORE Oyster Cultch Recovery","4044, 5007",102.106551808736,-3.00152634188584,2.76636085492195,-7.4749606238209,2.99915970478647,0,No detectable trend
2,Apalachicola Bay Aquatic Preserve,Percent Live,,Natural,Live Oysters,6,TRUE,2018,2024,2024-01-29T00:00:00Z,184,0,71,0,6.19565217391304,11.9532231567323,Apalachicola Intertidal Oyster Project,5010,-1.73453659986568,2.36913219312726,0.33385301930287,1.71958874482113,3.01805249958935,1,Increasing trend
2,Apalachicola Bay Aquatic Preserve,Percent Live,,Restored,Live Oysters,7,TRUE,2016,2023,2023-08-15T00:00:00Z,2449,0,100,75,56.0621471537158,42.6455649579741,"NRDA Oyster Cultch Recovery Project, RESTORE Oyster Cultch Recovery","4044, 5007",62.3347307147941,-1.76949856966903,0.346680737930384,-2.4742972597013,-1.09336367266189,-1,Decreasing trend
2,Apalachicola Bay Aquatic Preserve,Shell Height,"",Natural,Dead Oyster Shells,10,TRUE,1621,2002,2018-10-03T22:39:30Z,488,7.55,24.98,21.82,21.3472336065574,3.01121564179892,Historical Oyster Body Size (HOBS) Study,5035,,,,,,0,No detectable trend
2,Apalachicola Bay Aquatic Preserve,Shell Height,>75mm,Natural,Dead Oyster Shells,5,TRUE,1621,1993,2018-10-03T22:39:30Z,16,75.94,106.17,82.77,85.545625,8.68893546893596,Historical Oyster Body Size (HOBS) Study,5035,,,,,,0,No detectable trend
2,Apalachicola Bay Aquatic Preserve,Shell Height,25-75mm,Natural,Dead Oyster Shells,10,TRUE,1621,2002,2018-10-03T22:39:30Z,1460,25,74.6,35.435,37.7455616438356,10.1468715619389,Historical Oyster Body Size (HOBS) Study,5035,38.9751698958157,-0.0720597548980287,0.0263076163513257,-0.122560015032504,-0.0194507384833686,-1,Decreasing trend
2,Apalachicola Bay Aquatic Preserve,Shell Height,"",Natural,Live Oysters,4,FALSE,2013,2017,2017-08-29T00:00:00Z,437,2,24,15,14.1183066361556,5.02974490637346,"Deepwater Horizon NRDA Oyster Technical Working Group Oyster Quadrat Abundance Sampling, Distribution and Condition of Intertidal Eastern Oyster (Crassostrea virginica) Reefs in Apalachicola Bay Florida Based on High-Resolution Satellite Imagery, Oyster shell heights and taxonomic diversity in 2015-2017 among previously documented oiled and non-oiled reefs in Louisiana, Alabama, and the Florida panhandle","5063, 5071, 5073",,,,,,2,Insufficient data
2,Apalachicola Bay Aquatic Preserve,Shell Height,"",Restored,Live Oysters,34,TRUE,1982,2023,2023-08-15T00:00:00Z,57079,0,24,15,15.2007042870408,5.11527773339561,"Apalachicola Bay Oyster Size Class Monitoring, NRDA Oyster Cultch Recovery Project, RESTORE Oyster Cultch Recovery","4044, 5007, 10002",,,,,,0,No detectable trend
2,Apalachicola Bay Aquatic Preserve,Shell Height,>75mm,Natural,Live Oysters,3,FALSE,2013,2016,2016-11-15T00:00:00Z,21,75,133,84,87.0952380952381,13.4532700928241,"Deepwater Horizon NRDA Oyster Technical Working Group Oyster Quadrat Abundance Sampling, Distribution and Condition of Intertidal Eastern Oyster (Crassostrea virginica) Reefs in Apalachicola Bay Florida Based on High-Resolution Satellite Imagery","5063, 5073",,,,,,2,Insufficient data
2,Apalachicola Bay Aquatic Preserve,Shell Height,>75mm,Restored,Live Oysters,37,TRUE,1982,2023,2023-08-09T00:00:00Z,19751,75,170,80,84.8538301858134,10.0476712025602,"Apalachicola Bay Oyster Size Class Monitoring, NRDA Oyster Cultch Recovery Project, RESTORE Oyster Cultch Recovery","4044, 5007, 10002",,,,,,0,No detectable trend
2,Apalachicola Bay Aquatic Preserve,Shell Height,25-75mm,Natural,Live Oysters,4,FALSE,2013,2017,2017-08-29T00:00:00Z,256,25,74,40,42.195703125,11.7769141524704,"Deepwater Horizon NRDA Oyster Technical Working Group Oyster Quadrat Abundance Sampling, Distribution and Condition of Intertidal Eastern Oyster (Crassostrea virginica) Reefs in Apalachicola Bay Florida Based on High-Resolution Satellite Imagery, Oyster shell heights and taxonomic diversity in 2015-2017 among previously documented oiled and non-oiled reefs in Louisiana, Alabama, and the Florida panhandle","5063, 5071, 5073",,,,,,2,Insufficient data
2,Apalachicola Bay Aquatic Preserve,Shell Height,25-75mm,Restored,Live Oysters,37,TRUE,1982,2023,2023-08-09T00:00:00Z,121890,25,74,40,43.7857002215112,14.4096635204324,"Apalachicola Bay Oyster Size Class Monitoring, NRDA Oyster Cultch Recovery Project, RESTORE Oyster Cultch Recovery","4044, 5007, 10002",,,,,,0,No detectable trend
3,Apalachicola National Estuarine Research Reserve,Density,,Natural,Live Oysters,7,TRUE,2010,2019,2019-12-16T00:00:00Z,367,0,3552,1,131.656675749319,406.054630167817,"Apalachicola Bay Intertidal Oyster Sampling, Deepwater Horizon NRDA Oyster Technical Working Group Oyster Quadrat Abundance Sampling, Distribution and Condition of Intertidal Eastern Oyster (Crassostrea virginica) Reefs in Apalachicola Bay Florida Based on High-Resolution Satellite Imagery","5063, 5073, 5075",153.904109274595,5.28757213046676,23.3893209492487,-46.4115117495853,47.1149169129735,0,No detectable trend
3,Apalachicola National Estuarine Research Reserve,Density,,Restored,Live Oysters,7,TRUE,2016,2023,2023-08-15T00:00:00Z,3270,0,1380,24,103.440978593272,155.93975088687,"NRDA Oyster Cultch Recovery Project, RESTORE Oyster Cultch Recovery","4044, 5007",181.55634338809,-5.23738207581551,5.24497412440378,-14.1428123239391,5.93331577908178,0,No detectable trend
3,Apalachicola National Estuarine Research Reserve,Percent Live,,Natural,Live Oysters,6,TRUE,2018,2024,2024-01-29T00:00:00Z,294,0,71,3,7.35374149659864,11.6518335407469,"Apalachicola Bay Intertidal Oyster Sampling, Apalachicola Intertidal Oyster Project","5010, 5075",3.4147243604378,1.33396929615884,0.275616946385805,0.797119102539495,1.88439444801481,1,Increasing trend
3,Apalachicola National Estuarine Research Reserve,Percent Live,,Restored,Live Oysters,7,TRUE,2016,2023,2023-08-15T00:00:00Z,3166,0,100,84.8484848,63.2407642355812,40.3647011068837,"NRDA Oyster Cultch Recovery Project, RESTORE Oyster Cultch Recovery","4044, 5007",68.1553272355845,-1.40472188305306,0.291291858045878,-1.97230846307257,-0.844399808784482,-1,Decreasing trend
3,Apalachicola National Estuarine Research Reserve,Shell Height,"",Natural,Dead Oyster Shells,20,TRUE,,,2018-10-03T22:39:30Z,1259,4.47,86.12,22.39,24.5033598093725,10.6434319703803,Historical Oyster Body Size (HOBS) Study,5035,,,,,,0,No detectable trend
3,Apalachicola National Estuarine Research Reserve,Shell Height,>75mm,Natural,Dead Oyster Shells,14,TRUE,1581,2011,2018-10-03T22:39:30Z,75,75.34,115.35,82.19,84.79,8.96946155243115,Historical Oyster Body Size (HOBS) Study,5035,85.6897788063191,-0.0730549385654545,0.0782580492585054,-0.20681756732402,0.0928154424535052,0,No detectable trend
3,Apalachicola National Estuarine Research Reserve,Shell Height,25-75mm,Natural,Dead Oyster Shells,20,TRUE,1581,2011,2018-10-03T22:39:30Z,2788,25,74.68,37.155,39.899974892396,11.6807935593701,Historical Oyster Body Size (HOBS) Study,5035,42.1304920556616,-0.129526657258126,0.0198298346281326,-0.168379428458696,-0.0907735640601182,-1,Decreasing trend
3,Apalachicola National Estuarine Research Reserve,Shell Height,"",Natural,Live Oysters,5,TRUE,2013,2019,2019-12-17T00:00:00Z,1383,2,24.1,14,14.1592190889371,5.23381662245569,"Apalachicola Bay Intertidal Oyster Sampling, Deepwater Horizon NRDA Oyster Technical Working Group Oyster Quadrat Abundance Sampling, Distribution and Condition of Intertidal Eastern Oyster (Crassostrea virginica) Reefs in Apalachicola Bay Florida Based on High-Resolution Satellite Imagery, Oyster shell heights and taxonomic diversity in 2015-2017 among previously documented oiled and non-oiled reefs in Louisiana, Alabama, and the Florida panhandle","5063, 5071, 5073, 5075",,,,,,0,No detectable trend
3,Apalachicola National Estuarine Research Reserve,Shell Height,"",Restored,Live Oysters,37,TRUE,1982,2023,2023-08-15T00:00:00Z,128269,0,24,15,15.9044585987261,4.78218305804278,"Apalachicola Bay Oyster Size Class Monitoring, NRDA Oyster Cultch Recovery Project, RESTORE Oyster Cultch Recovery","4044, 5007, 10002",,,,,,0,No detectable trend
3,Apalachicola National Estuarine Research Reserve,Shell Height,>75mm,Natural,Live Oysters,4,FALSE,2013,2017,2017-08-29T00:00:00Z,36,75,133,84,86.2111111111111,10.8976479186442,"Deepwater Horizon NRDA Oyster Technical Working Group Oyster Quadrat Abundance Sampling, Distribution and Condition of Intertidal Eastern Oyster (Crassostrea virginica) Reefs in Apalachicola Bay Florida Based on High-Resolution Satellite Imagery, Oyster shell heights and taxonomic diversity in 2015-2017 among previously documented oiled and non-oiled reefs in Louisiana, Alabama, and the Florida panhandle","5063, 5071, 5073",,,,,,2,Insufficient data
3,Apalachicola National Estuarine Research Reserve,Shell Height,>75mm,Restored,Live Oysters,37,TRUE,1982,2023,2023-08-09T00:00:00Z,36418,75,170,80,84.2019056510517,9.68989814358806,"Apalachicola Bay Oyster Size Class Monitoring, NRDA Oyster Cultch Recovery Project, RESTORE Oyster Cultch Recovery","4044, 5007, 10002",,,,,,0,No detectable trend
3,Apalachicola National Estuarine Research Reserve,Shell Height,25-75mm,Natural,Live Oysters,5,TRUE,2013,2019,2019-12-17T00:00:00Z,723,25,74,38,39.5919778699862,11.2916090160462,"Apalachicola Bay Intertidal Oyster Sampling, Deepwater Horizon NRDA Oyster Technical Working Group Oyster Quadrat Abundance Sampling, Distribution and Condition of Intertidal Eastern Oyster (Crassostrea virginica) Reefs in Apalachicola Bay Florida Based on High-Resolution Satellite Imagery, Oyster shell heights and taxonomic diversity in 2015-2017 among previously documented oiled and non-oiled reefs in Louisiana, Alabama, and the Florida panhandle","5063, 5071, 5073, 5075",41.6513862155038,-0.556255449499605,1.61360070221348,-3.81363063857184,2.33468382926847,0,No detectable trend
3,Apalachicola National Estuarine Research Reserve,Shell Height,25-75mm,Restored,Live Oysters,37,TRUE,1982,2023,2023-08-09T00:00:00Z,247979,25,74,40,43.7293440170337,14.2924770746107,"Apalachicola Bay Oyster Size Class Monitoring, NRDA Oyster Cultch Recovery Project, RESTORE Oyster Cultch Recovery","4044, 5007, 10002",,,,,,0,No detectable trend
5,Big Bend Seagrasses Aquatic Preserve,Shell Height,"",Natural,Dead Oyster Shells,9,TRUE,1959,2011,2018-10-05T20:54:58Z,1006,7.7,24.99,21.27,20.5236083499006,3.45848389434628,Historical Oyster Body Size (HOBS) Study,5035,,,,,,0,No detectable trend
5,Big Bend Seagrasses Aquatic Preserve,Shell Height,>75mm,Natural,Dead Oyster Shells,9,TRUE,1959,2011,2018-10-05T20:54:58Z,159,75.1,138.49,85.02,88.6747169811321,12.7039449076601,Historical Oyster Body Size (HOBS) Study,5035,86.2713949323392,0.117048941552461,0.0511607102365428,0.0158066993292104,0.219284418466566,1,Increasing trend
5,Big Bend Seagrasses Aquatic Preserve,Shell Height,25-75mm,Natural,Dead Oyster Shells,9,TRUE,1959,2011,2018-10-05T20:54:58Z,2012,25,74.84,35.845,39.5530715705765,12.3784675499425,Historical Oyster Body Size (HOBS) Study,5035,39.5045166656717,0.000802105867680651,0.0131577881471281,-0.0254539375803098,0.0257171780887329,0,No detectable trend
5,Big Bend Seagrasses Aquatic Preserve,Shell Height,"",Natural,Live Oysters,1,FALSE,2021,2021,2021-12-31T00:00:00Z,231,4,24,16,15.9350649350649,5.21953936582696,Oyster Integrated Mapping and Monitoring Program (OIMMP) Pilot Monitoring Data,4020,,,,,,2,Insufficient data
5,Big Bend Seagrasses Aquatic Preserve,Shell Height,>75mm,Natural,Live Oysters,1,FALSE,2021,2021,2021-12-31T00:00:00Z,9,76,91,83,82.5555555555556,4.8762462794426,Oyster Integrated Mapping and Monitoring Program (OIMMP) Pilot Monitoring Data,4020,,,,,,2,Insufficient data
5,Big Bend Seagrasses Aquatic Preserve,Shell Height,25-75mm,Natural,Live Oysters,1,FALSE,2021,2021,2021-12-31T00:00:00Z,462,25,73,40,42.1450216450216,12.2280644766667,Oyster Integrated Mapping and Monitoring Program (OIMMP) Pilot Monitoring Data,4020,,,,,,2,Insufficient data
8,Boca Ciega Bay Aquatic Preserve,Density,,Natural,Live Oysters,2,FALSE,2017,2018,2018-12-31T00:00:00Z,30,0,2432,664,748.8,510.020310616528,Oyster Integrated Mapping and Monitoring Program (OIMMP) Pilot Monitoring Data,4020,,,,,,2,Insufficient data
8,Boca Ciega Bay Aquatic Preserve,Percent Live,,Natural,Live Oysters,2,FALSE,2017,2018,2018-12-31T00:00:00Z,30,0,49,20.45455,22.7888893333333,14.0485665976024,Oyster Integrated Mapping and Monitoring Program (OIMMP) Pilot Monitoring Data,4020,,,,,,2,Insufficient data
8,Boca Ciega Bay Aquatic Preserve,Shell Height,"",Natural,Live Oysters,2,FALSE,2017,2018,2018-12-31T00:00:00Z,388,4,24,17,15.8711340206186,5.41448833981495,Oyster Integrated Mapping and Monitoring Program (OIMMP) Pilot Monitoring Data,4020,,,,,,2,Insufficient data
8,Boca Ciega Bay Aquatic Preserve,Shell Height,>75mm,Natural,Live Oysters,2,FALSE,2017,2018,2018-12-31T00:00:00Z,9,75,85,80,80.3333333333333,3,Oyster Integrated Mapping and Monitoring Program (OIMMP) Pilot Monitoring Data,4020,,,,,,2,Insufficient data
8,Boca Ciega Bay Aquatic Preserve,Shell Height,25-75mm,Natural,Live Oysters,2,FALSE,2017,2018,2018-12-31T00:00:00Z,701,25,74,39,39.981455064194,11.0606612380373,Oyster Integrated Mapping and Monitoring Program (OIMMP) Pilot Monitoring Data,4020,,,,,,2,Insufficient data
9,Cape Haze Aquatic Preserve,Density,,Natural,Live Oysters,1,FALSE,2024,2024,2024-04-10T00:00:00Z,5,528,3216,1120,1369.6,1068.32803950846,SCCF Oyster Restoration Monitoring,4012,,,,,,2,Insufficient data
9,Cape Haze Aquatic Preserve,Density,,Restored,Live Oysters,1,FALSE,2024,2024,2024-04-10T00:00:00Z,5,640,3104,960,1289.6,1025.72354950055,SCCF Oyster Restoration Monitoring,4012,,,,,,2,Insufficient data
9,Cape Haze Aquatic Preserve,Percent Live,,Natural,Live Oysters,1,FALSE,2024,2024,2024-04-10T00:00:00Z,5,82.60869565,97.05882353,89.74358974,89.941857904,5.12101941749298,SCCF Oyster Restoration Monitoring,4012,,,,,,2,Insufficient data
9,Cape Haze Aquatic Preserve,Percent Live,,Restored,Live Oysters,1,FALSE,2024,2024,2024-04-10T00:00:00Z,5,80,97.87234043,88.99082569,88.790072926,7.99120015849041,SCCF Oyster Restoration Monitoring,4012,,,,,,2,Insufficient data
9,Cape Haze Aquatic Preserve,Shell Height,"",Natural,Live Oysters,1,FALSE,2024,2024,2024-04-10T00:00:00Z,95,9.456,24.983,19.227,18.8365578947368,3.97421056182201,SCCF Oyster Restoration Monitoring,4012,,,,,,2,Insufficient data
9,Cape Haze Aquatic Preserve,Shell Height,"",Restored,Live Oysters,1,FALSE,2024,2024,2024-04-10T00:00:00Z,83,9.519,24.956,19.823,19.6117710843374,3.61442802655603,SCCF Oyster Restoration Monitoring,4012,,,,,,2,Insufficient data
9,Cape Haze Aquatic Preserve,Shell Height,>75mm,Natural,Live Oysters,1,FALSE,2024,2024,2024-04-10T00:00:00Z,17,75.195,96.044,77.484,80.0617058823529,6.30925441083083,SCCF Oyster Restoration Monitoring,4012,,,,,,2,Insufficient data
9,Cape Haze Aquatic Preserve,Shell Height,>75mm,Restored,Live Oysters,1,FALSE,2024,2024,2024-04-10T00:00:00Z,44,75.072,128.66,83.7305,87.5408636363637,11.8177380112229,SCCF Oyster Restoration Monitoring,4012,,,,,,2,Insufficient data
9,Cape Haze Aquatic Preserve,Shell Height,25-75mm,Natural,Live Oysters,1,FALSE,2024,2024,2024-04-10T00:00:00Z,316,25.133,73.591,44.002,44.051746835443,11.7302070623745,SCCF Oyster Restoration Monitoring,4012,,,,,,2,Insufficient data
9,Cape Haze Aquatic Preserve,Shell Height,25-75mm,Restored,Live Oysters,1,FALSE,2024,2024,2024-04-10T00:00:00Z,276,25.022,74.929,50.4535,49.8797391304348,14.3153336840057,SCCF Oyster Restoration Monitoring,4012,,,,,,2,Insufficient data
14,Estero Bay Aquatic Preserve,Density,,Natural,Live Oysters,13,TRUE,2014,2026,2026-02-03T00:00:00Z,424,0,7680,480,757.61320754717,1017.4724496198,Estero Bay Oyster Monitoring,4042,745.666947437516,4.28018706328471,15.7274075529021,-28.3960820484657,35.004838665066,0,No detectable trend
14,Estero Bay Aquatic Preserve,Density,,Restored,Live Oysters,1,FALSE,2020,2020,2020-03-04T00:00:00Z,30,0,1920,176,413.733333333333,517.236885191204,SCCF Oyster Restoration Monitoring,4012,,,,,,2,Insufficient data
14,Estero Bay Aquatic Preserve,Percent Live,,Natural,Live Oysters,11,TRUE,2016,2026,2026-02-03T00:00:00Z,324,0,81,21.5,26.4043209876543,21.5120409763429,Estero Bay Oyster Monitoring,4042,,,,,,3,Model did not fit the available data
14,Estero Bay Aquatic Preserve,Percent Live,,Restored,Live Oysters,1,FALSE,2020,2020,2020-03-04T00:00:00Z,30,0,92.1875,63.49385,57.7237633333333,22.3036420489861,SCCF Oyster Restoration Monitoring,4012,,,,,,2,Insufficient data
14,Estero Bay Aquatic Preserve,Shell Height,"",Natural,Dead Oyster Shells,24,TRUE,1970,2013,2018-10-30T18:58:41Z,2462,8.79,24.99,21.47,20.8336433793664,3.18407842109217,Historical Oyster Body Size (HOBS) Study,5035,,,,,,0,No detectable trend
14,Estero Bay Aquatic Preserve,Shell Height,>75mm,Natural,Dead Oyster Shells,23,TRUE,1970,2013,2018-10-30T18:58:41Z,332,75.01,136.42,82.875,85.6267469879518,9.88421389135175,Historical Oyster Body Size (HOBS) Study,5035,86.6001823567949,-0.0538065034268404,0.0465366148282901,-0.138729059051082,0.0429824082102243,0,No detectable trend
14,Estero Bay Aquatic Preserve,Shell Height,25-75mm,Natural,Dead Oyster Shells,24,TRUE,1970,2013,2018-10-30T18:58:41Z,6086,25,74.98,38.3,41.5073923759448,12.9453993294535,Historical Oyster Body Size (HOBS) Study,5035,41.1029642486955,0.0220226215744447,0.0161505204292233,-0.00930065221500163,0.0533562188779686,0,No detectable trend
14,Estero Bay Aquatic Preserve,Shell Height,"",Natural,Live Oysters,13,TRUE,2014,2026,2026-02-03T00:00:00Z,3357,0,24.98,15.62,15.5679773607388,5.37937628385498,Estero Bay Oyster Monitoring,4042,,,,,,0,No detectable trend
14,Estero Bay Aquatic Preserve,Shell Height,"",Restored,Live Oysters,1,FALSE,2020,2020,2020-03-04T00:00:00Z,292,3.29,24.97,19.2,18.7112328767123,4.44356276215195,SCCF Oyster Restoration Monitoring,4012,,,,,,2,Insufficient data
14,Estero Bay Aquatic Preserve,Shell Height,>75mm,Natural,Live Oysters,12,TRUE,2014,2026,2026-01-30T00:00:00Z,73,75,109,82,83.6564383561644,8.03291862170611,Estero Bay Oyster Monitoring,4042,84.5791275783105,-0.0421659530043463,0.351763658165385,-0.710834439302929,0.680952254311819,0,No detectable trend
14,Estero Bay Aquatic Preserve,Shell Height,>75mm,Restored,Live Oysters,1,FALSE,2020,2020,2020-03-04T00:00:00Z,47,75.14,106.61,80.4,83.3931914893617,7.49495543577637,SCCF Oyster Restoration Monitoring,4012,,,,,,2,Insufficient data
14,Estero Bay Aquatic Preserve,Shell Height,25-75mm,Natural,Live Oysters,13,TRUE,2014,2026,2026-02-03T00:00:00Z,4288,25,74.93,38.5,40.5560307835821,11.1498816871941,Estero Bay Oyster Monitoring,4042,42.7666386818642,-0.348110561627207,0.0690021298280786,-0.485751844060826,-0.214996910184727,-1,Decreasing trend
14,Estero Bay Aquatic Preserve,Shell Height,25-75mm,Restored,Live Oysters,1,FALSE,2020,2020,2020-03-04T00:00:00Z,824,25.04,74.91,40.34,42.592572815534,12.782864609995,SCCF Oyster Restoration Monitoring,4012,,,,,,2,Insufficient data
19,Guana River Marsh Aquatic Preserve,Density,,Natural,Live Oysters,8,TRUE,2014,2025,2025-03-10T00:00:00Z,496,0,6848,896,1087.25806451613,911.902722713562,"Guana Tolomato Matanzas NERR Oyster monitoring, Northern Coastal Basins and Mosquito Lagoon Oyster Condition Assessment","4000, 5017",1591.19751956655,-84.7765088788529,16.2666581125129,-120.237039003667,-55.7014116607241,-1,Decreasing trend
19,Guana River Marsh Aquatic Preserve,Percent Live,,Natural,Live Oysters,8,TRUE,2014,2025,2025-03-10T00:00:00Z,1657,0,64,25,25.5087507543754,12.1012142340528,"Guana Tolomato Matanzas NERR Oyster monitoring, Northern Coastal Basins and Mosquito Lagoon Oyster Condition Assessment","4000, 5017",25.6143630740333,-0.0217595364392729,0.10425597453754,-0.226092100489601,0.178108652032213,0,No detectable trend
19,Guana River Marsh Aquatic Preserve,Shell Height,"",Natural,Dead Oyster Shells,8,TRUE,1998,2012,2018-09-11T22:25:14Z,136,13.57,24.94,22.35,21.8611029411765,2.35769431398846,Historical Oyster Body Size (HOBS) Study,5035,,,,,,0,No detectable trend
19,Guana River Marsh Aquatic Preserve,Shell Height,>75mm,Natural,Dead Oyster Shells,8,TRUE,1998,2012,2018-09-11T22:25:14Z,600,75.12,146.25,90.715,93.6535833333333,14.1389577127073,Historical Oyster Body Size (HOBS) Study,5035,88.2764849963991,0.546052535988809,0.151457847727734,0.244892659739406,0.844001222061334,1,Increasing trend
19,Guana River Marsh Aquatic Preserve,Shell Height,25-75mm,Natural,Dead Oyster Shells,8,TRUE,1998,2012,2018-09-11T22:25:14Z,1138,25,74.95,48.35,49.0657908611599,14.5179227884593,Historical Oyster Body Size (HOBS) Study,5035,46.1314462244106,0.308090954606065,2.69065689554387,0.0515587366158241,0.451720792962306,1,Increasing trend
19,Guana River Marsh Aquatic Preserve,Shell Height,"",Natural,Live Oysters,6,TRUE,2014,2022,2022-03-17T00:00:00Z,9497,0.7,24.92,12,12.8264178161525,6.19455973215893,"Guana Tolomato Matanzas NERR Oyster monitoring, Northern Coastal Basins and Mosquito Lagoon Oyster Condition Assessment","4000, 5017",,,,,,0,No detectable trend
19,Guana River Marsh Aquatic Preserve,Shell Height,>75mm,Natural,Live Oysters,8,TRUE,2014,2025,2025-03-10T00:00:00Z,2907,75,163,85.6,89.1933505331958,12.8470887595572,"Guana Tolomato Matanzas NERR Oyster monitoring, Northern Coastal Basins and Mosquito Lagoon Oyster Condition Assessment","4000, 5017",88.9266522062723,0.0648130211148214,0.0940615411154434,-0.114638868303057,0.252296520895958,0,No detectable trend
19,Guana River Marsh Aquatic Preserve,Shell Height,25-75mm,Natural,Live Oysters,8,TRUE,2014,2025,2025-03-10T00:00:00Z,18613,25,74.9,43.2,45.1472280126793,13.6284404239606,"Guana Tolomato Matanzas NERR Oyster monitoring, Northern Coastal Basins and Mosquito Lagoon Oyster Condition Assessment","4000, 5017",44.62566500879,0.104395811465971,0.0495286828993965,0.00778034586754099,0.19877454695189,1,Increasing trend
20,Guana Tolomato Matanzas National Estuarine Research Reserve,Density,,Natural,Live Oysters,10,TRUE,2014,2026,2026-03-27T00:00:00Z,1384,0,11104,752,1040.99421965318,1057.57490361494,"Guana Tolomato Matanzas NERR Oyster monitoring, Northern Coastal Basins and Mosquito Lagoon Oyster Condition Assessment","4000, 5017",2005.07412711115,-126.591598353753,11.9866621436427,-151.488409324847,-104.851095463733,-1,Decreasing trend
20,Guana Tolomato Matanzas National Estuarine Research Reserve,Percent Live,,Natural,Live Oysters,10,TRUE,2014,2026,2026-03-27T00:00:00Z,3950,0,76,23,23.6284810126582,12.5046665980062,"Guana Tolomato Matanzas NERR Oyster monitoring, Northern Coastal Basins and Mosquito Lagoon Oyster Condition Assessment","4000, 5017",25.7337403366296,-0.468093138436193,0.0611716354995235,-0.591250904462959,-0.347581085944258,-1,Decreasing trend
20,Guana Tolomato Matanzas National Estuarine Research Reserve,Shell Height,"",Natural,Dead Oyster Shells,23,TRUE,1749,2013,2018-09-11T22:25:14Z,1432,9.35,24.99,21.84,21.2883030726257,2.86024904190834,Historical Oyster Body Size (HOBS) Study,5035,,,,,,0,No detectable trend
20,Guana Tolomato Matanzas National Estuarine Research Reserve,Shell Height,>75mm,Natural,Dead Oyster Shells,23,TRUE,1749,2013,2018-09-11T22:25:14Z,881,75.12,146.25,88.51,91.859046538025,13.4479954910106,Historical Oyster Body Size (HOBS) Study,5035,86.0517539679456,0.151676997157808,0.0667301301231134,0.00556164452802199,0.265354097972606,1,Increasing trend
20,Guana Tolomato Matanzas National Estuarine Research Reserve,Shell Height,25-75mm,Natural,Dead Oyster Shells,23,TRUE,1749,2013,2018-09-11T22:25:14Z,4639,25,74.95,39.29,42.5906165121794,13.53208888971,Historical Oyster Body Size (HOBS) Study,5035,40.9363178766421,0.0425462095139504,0.0434391486750327,0.0018476851763829,0.0815139392328666,1,Increasing trend
20,Guana Tolomato Matanzas National Estuarine Research Reserve,Shell Height,"",Natural,Live Oysters,7,TRUE,2014,2023,2023-02-14T00:00:00Z,26077,0.7,24.92,13.3,13.7054266211604,6.04891730850321,"Guana Tolomato Matanzas NERR Oyster monitoring, Northern Coastal Basins and Mosquito Lagoon Oyster Condition Assessment","4000, 5017",,,,,,0,No detectable trend
20,Guana Tolomato Matanzas National Estuarine Research Reserve,Shell Height,>75mm,Natural,Live Oysters,10,TRUE,2014,2026,2026-12-19T00:00:00Z,6765,75,237.2,85.6,89.2953451589061,13.1354777789478,"Guana Tolomato Matanzas NERR Oyster monitoring, Northern Coastal Basins and Mosquito Lagoon Oyster Condition Assessment","4000, 5017",88.3365176422465,0.185260781561948,0.0619309581687594,0.0628656198813875,0.310094354080148,1,Increasing trend
20,Guana Tolomato Matanzas National Estuarine Research Reserve,Shell Height,25-75mm,Natural,Live Oysters,10,TRUE,2014,2026,2026-12-19T00:00:00Z,48572,25,74.9,42.7,44.7471828419666,13.5885704974934,"Guana Tolomato Matanzas NERR Oyster monitoring, Northern Coastal Basins and Mosquito Lagoon Oyster Condition Assessment","4000, 5017",43.3280441398852,0.290757104856318,0.0270184404001433,0.238931304072728,0.343587626328263,1,Increasing trend
21,Indian River-Malabar to Vero Beach Aquatic Preserve,Density,,Natural,Live Oysters,5,TRUE,2017,2022,2022-08-08T00:00:00Z,18,0,1840,456,616,564.679607231862,"Indian River Lagoon Oyster, Coastal Wetlands and Mangroves (MarineGEO site)",4016,1378.70310786651,-176.99391618523,307.602600390415,-816.86977547265,135.252901847643,0,No detectable trend
21,Indian River-Malabar to Vero Beach Aquatic Preserve,Percent Live,,Natural,Live Oysters,5,TRUE,2017,2022,2022-08-08T00:00:00Z,90,0,56.79012346,14.81481481,15.8191345947778,14.1268620322967,"Indian River Lagoon Oyster, Coastal Wetlands and Mangroves (MarineGEO site)",4016,24.8811412663515,-3.38731022167478,0.763119131024734,-4.86473278607223,-1.86361137674068,-1,Decreasing trend
21,Indian River-Malabar to Vero Beach Aquatic Preserve,Shell Height,"",Natural,Dead Oyster Shells,0,FALSE,,,2022-08-08T00:00:00Z,173,0,92,45,44.6271676300578,18.4302112809721,"Indian River Lagoon Oyster, Coastal Wetlands and Mangroves (MarineGEO site)",4016,,,,,,2,Insufficient data
21,Indian River-Malabar to Vero Beach Aquatic Preserve,Shell Height,"",Natural,Live Oysters,5,TRUE,2017,2022,2022-08-08T00:00:00Z,93,0,24.5,19,18.0268817204301,4.5315114040928,"Indian River Lagoon Oyster, Coastal Wetlands and Mangroves (MarineGEO site)",4016,,,,,,0,No detectable trend
21,Indian River-Malabar to Vero Beach Aquatic Preserve,Shell Height,>75mm,Natural,Live Oysters,3,FALSE,2018,2021,2021-06-21T00:00:00Z,11,75,83,78,79,2.5298221281347,"Indian River Lagoon Oyster, Coastal Wetlands and Mangroves (MarineGEO site)",4016,,,,,,2,Insufficient data
21,Indian River-Malabar to Vero Beach Aquatic Preserve,Shell Height,25-75mm,Natural,Live Oysters,5,TRUE,2017,2022,2022-08-08T00:00:00Z,382,25,74,42,43.282722513089,11.7839213790298,"Indian River Lagoon Oyster, Coastal Wetlands and Mangroves (MarineGEO site)",4016,41.9822530980676,0.593281981269013,0.338228395512935,-0.0559207674509365,1.25682031824017,0,No detectable trend
22,Indian River-Vero Beach to Ft. Pierce Aquatic Preserve,Density,,Natural,Live Oysters,9,TRUE,2016,2025,2025-06-25T00:00:00Z,111,0,1120,384,380.108108108108,278.896245007199,"Indian River Lagoon Oyster, Coastal Wetlands and Mangroves (MarineGEO site)",4016,789.150475900615,-61.202703803022,24.3284439781192,-116.808098703073,-22.4164437845419,-1,Decreasing trend
22,Indian River-Vero Beach to Ft. Pierce Aquatic Preserve,Percent Live,,Natural,Live Oysters,9,TRUE,2016,2025,2025-06-25T00:00:00Z,524,0,51.85185185,7.40740741,12.0819700835878,11.9455155590839,"Indian River Lagoon Oyster, Coastal Wetlands and Mangroves (MarineGEO site)",4016,20.0741500777469,-1.78508080668475,0.15777601591175,-2.09062488832441,-1.47795280300835,-1,Decreasing trend
22,Indian River-Vero Beach to Ft. Pierce Aquatic Preserve,Shell Height,"",Natural,Dead Oyster Shells,7,TRUE,,,2025-06-25T00:00:00Z,1818,0,97,23.67,31.0277447744775,16.389836175474,"Historical Oyster Body Size (HOBS) Study, Indian River Lagoon Oyster, Coastal Wetlands and Mangroves (MarineGEO site)","4016, 5035",,,,,,0,No detectable trend
22,Indian River-Vero Beach to Ft. Pierce Aquatic Preserve,Shell Height,>75mm,Natural,Dead Oyster Shells,7,TRUE,1961,2010,2018-09-13T21:50:58Z,90,75.09,125.69,85.085,88.7348888888889,12.306783663688,Historical Oyster Body Size (HOBS) Study,5035,95.8541143259749,-0.254775831177345,0.0836293401720595,-0.428863379988646,-0.0974001345970778,-1,Decreasing trend
22,Indian River-Vero Beach to Ft. Pierce Aquatic Preserve,Shell Height,25-75mm,Natural,Dead Oyster Shells,7,TRUE,1961,2010,2018-09-13T21:50:58Z,1506,25,74.86,35.065,38.8865338645418,12.3774644784301,Historical Oyster Body Size (HOBS) Study,5035,41.9310917881503,-0.0937775313786716,0.11642828350379,-0.148370364644342,-0.0385293954099802,-1,Decreasing trend
22,Indian River-Vero Beach to Ft. Pierce Aquatic Preserve,Shell Height,"",Natural,Live Oysters,9,TRUE,2016,2025,2025-06-25T00:00:00Z,491,0,24.5,19,17.4327902240326,5.0010523540292,"Indian River Lagoon Oyster, Coastal Wetlands and Mangroves (MarineGEO site)",4016,,,,,,0,No detectable trend
22,Indian River-Vero Beach to Ft. Pierce Aquatic Preserve,Shell Height,>75mm,Natural,Live Oysters,8,TRUE,2016,2025,2025-06-24T00:00:00Z,79,75,113,82,84.2974683544304,8.32031765116533,"Indian River Lagoon Oyster, Coastal Wetlands and Mangroves (MarineGEO site)",4016,87.1062969675792,-0.504498840101839,0.326830251709121,-1.16553555471112,0.130950240077453,0,No detectable trend
22,Indian River-Vero Beach to Ft. Pierce Aquatic Preserve,Shell Height,25-75mm,Natural,Live Oysters,9,TRUE,2016,2025,2025-06-25T00:00:00Z,1777,25,74,43,44.7708216094541,12.489031890736,"Indian River Lagoon Oyster, Coastal Wetlands and Mangroves (MarineGEO site)",4016,45.0178616706729,-0.0464457127697832,0.115759536645762,-0.270744052968751,0.188621464543647,0,No detectable trend
23,Jensen Beach to Jupiter Inlet Aquatic Preserve,Density,,Natural,Live Oysters,4,FALSE,2016,2019,2019-06-11T00:00:00Z,12,16,1120,232,370.666666666667,337.474398580055,"Indian River Lagoon Oyster, Coastal Wetlands and Mangroves (MarineGEO site)",4016,,,,,,2,Insufficient data
23,Jensen Beach to Jupiter Inlet Aquatic Preserve,Percent Live,,Natural,Live Oysters,5,TRUE,2016,2021,2021-06-30T00:00:00Z,69,0,52.43902439,4.9382716,8.73994649710145,11.2495255453082,"Indian River Lagoon Oyster, Coastal Wetlands and Mangroves (MarineGEO site)",4016,14.1425215974964,-2.30813704098021,0.783011515493092,-3.81912193150032,-0.747129331649825,-1,Decreasing trend
23,Jensen Beach to Jupiter Inlet Aquatic Preserve,Shell Height,"",Natural,Dead Oyster Shells,0,FALSE,,,2019-06-11T00:00:00Z,161,5,109,34,38.6987577639752,21.9616967342509,"Indian River Lagoon Oyster, Coastal Wetlands and Mangroves (MarineGEO site)",4016,,,,,,2,Insufficient data
23,Jensen Beach to Jupiter Inlet Aquatic Preserve,Shell Height,"",Natural,Live Oysters,4,FALSE,2016,2019,2019-06-11T00:00:00Z,85,7,24.9,17,16.8776470588235,4.96044776374137,"Indian River Lagoon Oyster, Coastal Wetlands and Mangroves (MarineGEO site)",4016,,,,,,2,Insufficient data
23,Jensen Beach to Jupiter Inlet Aquatic Preserve,Shell Height,25-75mm,Natural,Live Oysters,4,FALSE,2016,2019,2019-06-11T00:00:00Z,129,25,72,36,37.5581395348837,9.47102239790551,"Indian River Lagoon Oyster, Coastal Wetlands and Mangroves (MarineGEO site)",4016,,,,,,2,Insufficient data
25,Lemon Bay Aquatic Preserve,Density,,Natural,Live Oysters,16,TRUE,2007,2025,2025-10-10T00:00:00Z,486,0,3968,784,901.695473251029,752.740295475853,Sarasota County Comprehensive Oyster Monitoring Program,972,1322.1998418254,-29.1644802321879,11.2070014616053,-48.0462844244265,-5.56407888293978,-1,Decreasing trend
25,Lemon Bay Aquatic Preserve,Percent Live,,Natural,Live Oysters,17,TRUE,2007,2025,2025-10-10T00:00:00Z,494,0,100,72.4137931,65.0744960430769,23.8981768127081,"Historical Oyster Body Size (HOBS) Study, Sarasota County Comprehensive Oyster Monitoring Program","972, 5035",69.7071571601205,-0.540340727772189,0.16661378215963,-0.862825618358935,-0.210160515390894,-1,Decreasing trend
25,Lemon Bay Aquatic Preserve,Shell Height,"",Natural,Dead Oyster Shells,8,TRUE,1961,2012,2018-10-29T18:16:46Z,870,11.15,24.96,21.31,20.9765977011494,2.75257622381086,Historical Oyster Body Size (HOBS) Study,5035,,,,,,0,No detectable trend
25,Lemon Bay Aquatic Preserve,Shell Height,>75mm,Natural,Dead Oyster Shells,8,TRUE,1961,2012,2018-10-29T18:16:46Z,38,75.03,108.23,79.43,82.0718421052632,7.39684478214544,Historical Oyster Body Size (HOBS) Study,5035,82.6493677984346,0.00907490889611379,0.0564627641986882,-0.107139773603849,0.119607107747495,0,No detectable trend
25,Lemon Bay Aquatic Preserve,Shell Height,25-75mm,Natural,Dead Oyster Shells,8,TRUE,1961,2012,2018-10-29T18:16:46Z,2029,25,74.19,37.91,40.2585510103499,11.5518859885087,Historical Oyster Body Size (HOBS) Study,5035,39.528893959822,0.0250361703027296,0.0136733764564065,-0.00159590288448389,0.0510485688941737,0,No detectable trend
25,Lemon Bay Aquatic Preserve,Shell Height,"",Natural,Live Oysters,1,FALSE,2018,2018,2018-10-29T18:16:46Z,146,4,24,17,15.9315068493151,5.33001589471212,Historical Oyster Body Size (HOBS) Study,5035,,,,,,2,Insufficient data
25,Lemon Bay Aquatic Preserve,Shell Height,25-75mm,Natural,Live Oysters,1,FALSE,2018,2018,2018-10-29T18:16:46Z,152,25,60,32,34.4473684210526,8.37118162332247,Historical Oyster Body Size (HOBS) Study,5035,,,,,,2,Insufficient data
27,Loxahatchee River-Lake Worth Creek Aquatic Preserve,Density,,Natural,Live Oysters,1,FALSE,2008,2008,2008-09-12T00:00:00Z,160,0,313,29,45.325,49.6448455715586,Loxahatchee River Oyster Mapping and Recruitment,4014,,,,,,2,Insufficient data
27,Loxahatchee River-Lake Worth Creek Aquatic Preserve,Percent Live,,Natural,Live Oysters,2,FALSE,2003,2008,2008-09-12T00:00:00Z,173,0,100,82,79.2436057803468,15.5401210253425,Loxahatchee River Oyster Mapping and Recruitment,4014,,,,,,2,Insufficient data
27,Loxahatchee River-Lake Worth Creek Aquatic Preserve,Shell Height,"",Natural,Dead Oyster Shells,0,FALSE,,,2013-09-05T00:00:00Z,2041,4,130,46,47.4786869181774,20.9373402584593,Loxahatchee River Oyster Mapping and Recruitment,4014,,,,,,2,Insufficient data
27,Loxahatchee River-Lake Worth Creek Aquatic Preserve,Shell Height,"",Natural,Live Oysters,2,FALSE,2008,2013,2013-09-05T00:00:00Z,1029,2,24,15,14.8921282798834,5.5668056491384,Loxahatchee River Oyster Mapping and Recruitment,4014,,,,,,2,Insufficient data
27,Loxahatchee River-Lake Worth Creek Aquatic Preserve,Shell Height,>75mm,Natural,Live Oysters,2,FALSE,2008,2013,2013-08-15T00:00:00Z,278,75,150,80,83.7769784172662,9.1304569582623,Loxahatchee River Oyster Mapping and Recruitment,4014,,,,,,2,Insufficient data
27,Loxahatchee River-Lake Worth Creek Aquatic Preserve,Shell Height,25-75mm,Natural,Live Oysters,2,FALSE,2008,2013,2013-09-05T00:00:00Z,3465,25,74,45,46.1151515151515,12.7479457040135,Loxahatchee River Oyster Mapping and Recruitment,4014,,,,,,2,Insufficient data
29,Mosquito Lagoon Aquatic Preserve,Density,,Natural,Live Oysters,2,FALSE,2015,2016,2016-06-05T00:00:00Z,120,48,2928,800,980.933333333333,641.573849156563,Northern Coastal Basins and Mosquito Lagoon Oyster Condition Assessment,5017,,,,,,2,Insufficient data
29,Mosquito Lagoon Aquatic Preserve,Percent Live,,Natural,Live Oysters,2,FALSE,2015,2016,2016-06-05T00:00:00Z,120,10,87,43,45.2,16.277323505546,Northern Coastal Basins and Mosquito Lagoon Oyster Condition Assessment,5017,,,,,,2,Insufficient data
29,Mosquito Lagoon Aquatic Preserve,Shell Height,"",Natural,Live Oysters,2,FALSE,2015,2016,2016-06-05T00:00:00Z,850,1,24.9,17.7,15.5301176470588,7.07471226118805,Northern Coastal Basins and Mosquito Lagoon Oyster Condition Assessment,5017,,,,,,2,Insufficient data
29,Mosquito Lagoon Aquatic Preserve,Shell Height,>75mm,Natural,Live Oysters,2,FALSE,2015,2016,2016-06-05T00:00:00Z,634,75,136,84,86.3977917981073,9.98984926428283,Northern Coastal Basins and Mosquito Lagoon Oyster Condition Assessment,5017,,,,,,2,Insufficient data
29,Mosquito Lagoon Aquatic Preserve,Shell Height,25-75mm,Natural,Live Oysters,2,FALSE,2015,2016,2016-06-05T00:00:00Z,3304,25,74.9,46,47.4231840193705,14.0080319949166,Northern Coastal Basins and Mosquito Lagoon Oyster Condition Assessment,5017,,,,,,2,Insufficient data
30,Nassau River-St. Johns River Marshes Aquatic Preserve,Density,,Natural,Live Oysters,1,FALSE,2016,2016,2016-07-25T00:00:00Z,42,80,2416,552,778.666666666667,609.453120175012,Northern Coastal Basins and Mosquito Lagoon Oyster Condition Assessment,5017,,,,,,2,Insufficient data
30,Nassau River-St. Johns River Marshes Aquatic Preserve,Percent Live,,Natural,Live Oysters,1,FALSE,2016,2016,2016-07-25T00:00:00Z,43,10,46,26,24.6976744186047,8.86548922647849,Northern Coastal Basins and Mosquito Lagoon Oyster Condition Assessment,5017,,,,,,2,Insufficient data
30,Nassau River-St. Johns River Marshes Aquatic Preserve,Shell Height,"",Natural,Live Oysters,1,FALSE,2016,2016,2016-07-25T00:00:00Z,206,4.7,24.9,19,17.9053398058252,5.17520548724283,Northern Coastal Basins and Mosquito Lagoon Oyster Condition Assessment,5017,,,,,,2,Insufficient data
30,Nassau River-St. Johns River Marshes Aquatic Preserve,Shell Height,>75mm,Natural,Live Oysters,1,FALSE,2016,2016,2016-07-13T00:00:00Z,144,75,164.3,84.35,89.9034722222222,16.4200517583677,Northern Coastal Basins and Mosquito Lagoon Oyster Condition Assessment,5017,,,,,,2,Insufficient data
30,Nassau River-St. Johns River Marshes Aquatic Preserve,Shell Height,25-75mm,Natural,Live Oysters,1,FALSE,2016,2016,2016-07-25T00:00:00Z,1100,25,74.9,44.2,45.6895454545455,13.1024454292442,Northern Coastal Basins and Mosquito Lagoon Oyster Condition Assessment,5017,,,,,,2,Insufficient data
48,Nature Coast Aquatic Preserve,Density,,Natural,Live Oysters,1,FALSE,2018,2018,2018-04-02T00:00:00Z,1,2800,2800,2800,2800,,"Assessment of Oysters and Barnacles Along the Chassahowitzka, Homosassa, and Lower Withlacoochee River Systems",5074,,,,,,2,Insufficient data
48,Nature Coast Aquatic Preserve,Percent Live,,Natural,Live Oysters,1,FALSE,2018,2018,2018-04-02T00:00:00Z,1,76,76,76,76,,"Assessment of Oysters and Barnacles Along the Chassahowitzka, Homosassa, and Lower Withlacoochee River Systems",5074,,,,,,2,Insufficient data
48,Nature Coast Aquatic Preserve,Shell Height,"",Natural,Live Oysters,1,FALSE,2016,2016,2016-07-25T00:00:00Z,25,14.36,24.67,20.33,20.4436,2.74999527272321,Prehistoric baseline reveals substantial decline of oyster reef condition in a Gulf of Mexico conservation priority area - modern oyster data,5070,,,,,,2,Insufficient data
48,Nature Coast Aquatic Preserve,Shell Height,>75mm,Natural,Live Oysters,1,FALSE,2016,2016,2016-07-25T00:00:00Z,56,75.11,97.01,80.975,82.1875,6.51279391240461,Prehistoric baseline reveals substantial decline of oyster reef condition in a Gulf of Mexico conservation priority area - modern oyster data,5070,,,,,,2,Insufficient data
48,Nature Coast Aquatic Preserve,Shell Height,25-75mm,Natural,Live Oysters,2,FALSE,2016,2018,2018-04-02T00:00:00Z,503,25.09,73.96,47.85,49.1582703777336,12.6085935245683,"Assessment of Oysters and Barnacles Along the Chassahowitzka, Homosassa, and Lower Withlacoochee River Systems, Prehistoric baseline reveals substantial decline of oyster reef condition in a Gulf of Mexico conservation priority area - modern oyster data","5070, 5074",,,,,,2,Insufficient data
34,Pine Island Sound Aquatic Preserve,Density,,Natural,Live Oysters,11,TRUE,2015,2026,2026-03-05T00:00:00Z,128,0,3824,152,454.1640625,669.322313013937,SCCF Oyster Restoration Monitoring,4012,274.336660437506,17.882112888606,15.2704493856814,-8.34476822146525,51.7997801022434,0,No detectable trend
34,Pine Island Sound Aquatic Preserve,Density,,Restored,Live Oysters,11,TRUE,2015,2026,2026-03-05T00:00:00Z,76,0,2048,112,333.842105263158,528.602384977129,SCCF Oyster Restoration Monitoring,4012,825.975235174139,-65.9106066413041,23.7363960515205,-120.243240873413,-30.4834872556024,-1,Decreasing trend
34,Pine Island Sound Aquatic Preserve,Percent Live,,Natural,Live Oysters,7,TRUE,2019,2026,2026-03-05T00:00:00Z,44,0,97.14285714,74.550189395,62.8910108836364,30.5484100075933,SCCF Oyster Restoration Monitoring,4012,45.2301814904988,6.15035579352842,1.66137654056628,2.7808635888116,9.35026955333193,1,Increasing trend
34,Pine Island Sound Aquatic Preserve,Percent Live,,Restored,Live Oysters,7,TRUE,2019,2026,2026-03-05T00:00:00Z,51,0,100,57.77777778,59.0629794535294,27.8058818995673,SCCF Oyster Restoration Monitoring,4012,45.3440148673319,4.36382237079475,1.5144279104682,1.28788628657169,7.38951214845499,1,Increasing trend
34,Pine Island Sound Aquatic Preserve,Shell Height,"",Natural,Live Oysters,10,TRUE,2016,2026,2026-03-05T00:00:00Z,1303,0,24.965,16.38,15.9053775901765,5.48677804219849,SCCF Oyster Restoration Monitoring,4012,,,,,,0,No detectable trend
34,Pine Island Sound Aquatic Preserve,Shell Height,"",Restored,Live Oysters,10,TRUE,2016,2026,2026-03-05T00:00:00Z,1944,2.25,24.97,8.51,10.6090643004115,5.74463411679569,SCCF Oyster Restoration Monitoring,4012,,,,,,0,No detectable trend
34,Pine Island Sound Aquatic Preserve,Shell Height,>75mm,Natural,Live Oysters,9,TRUE,2016,2026,2026-03-05T00:00:00Z,61,75.083,106.36,80.2,82.365393442623,7.29017063650019,SCCF Oyster Restoration Monitoring,4012,83.2690704490288,-0.0981957526934971,0.276077370450405,-0.601771971809989,0.457392591226243,0,No detectable trend
34,Pine Island Sound Aquatic Preserve,Shell Height,>75mm,Restored,Live Oysters,5,TRUE,2017,2022,2022-02-26T00:00:00Z,27,75.39,116.62,86.68,88.9455555555556,11.334528029037,SCCF Oyster Restoration Monitoring,4012,84.1102310622096,6.0640009303531,2.5304489923745,1.46105601533838,11.1912216966248,1,Increasing trend
34,Pine Island Sound Aquatic Preserve,Shell Height,25-75mm,Natural,Live Oysters,10,TRUE,2016,2026,2026-03-05T00:00:00Z,1596,25,74.93,40.8455,43.138570802005,12.8926561175789,SCCF Oyster Restoration Monitoring,4012,45.6454783576358,-0.532933130200388,0.0886714715984896,-0.708004230716281,-0.355554016088574,-1,Decreasing trend
34,Pine Island Sound Aquatic Preserve,Shell Height,25-75mm,Restored,Live Oysters,9,TRUE,2017,2026,2026-03-05T00:00:00Z,454,25.1,74.69,37.65,41.305731277533,13.5852117908497,SCCF Oyster Restoration Monitoring,4012,43.0317068238282,-0.929690672592151,0.997657137761666,-1.34154182661581,-0.47398369935232,-1,Decreasing trend
35,Pinellas County Aquatic Preserve,Density,,Natural,Live Oysters,2,FALSE,2017,2018,2018-12-31T00:00:00Z,40,0,3920,768,1068,892.636544176856,Oyster Integrated Mapping and Monitoring Program (OIMMP) Pilot Monitoring Data,4020,,,,,,2,Insufficient data
35,Pinellas County Aquatic Preserve,Percent Live,,Natural,Live Oysters,2,FALSE,2017,2018,2018-12-31T00:00:00Z,40,0,49,24,24.491667,13.2933747657289,Oyster Integrated Mapping and Monitoring Program (OIMMP) Pilot Monitoring Data,4020,,,,,,2,Insufficient data
35,Pinellas County Aquatic Preserve,Shell Height,"",Natural,Live Oysters,2,FALSE,2017,2018,2018-12-31T00:00:00Z,588,2,24,16,15.3350340136054,5.78121823891193,Oyster Integrated Mapping and Monitoring Program (OIMMP) Pilot Monitoring Data,4020,,,,,,2,Insufficient data
35,Pinellas County Aquatic Preserve,Shell Height,>75mm,Natural,Live Oysters,2,FALSE,2017,2018,2018-12-31T00:00:00Z,9,75,85,80,80.3333333333333,3,Oyster Integrated Mapping and Monitoring Program (OIMMP) Pilot Monitoring Data,4020,,,,,,2,Insufficient data
35,Pinellas County Aquatic Preserve,Shell Height,25-75mm,Natural,Live Oysters,2,FALSE,2017,2018,2018-12-31T00:00:00Z,991,25,74,38,39.7467204843592,10.8980318323894,Oyster Integrated Mapping and Monitoring Program (OIMMP) Pilot Monitoring Data,4020,,,,,,2,Insufficient data
43,St. Martins Marsh Aquatic Preserve,Density,,Natural,Live Oysters,1,FALSE,2018,2018,2018-04-02T00:00:00Z,6,464,1792,1452,1320,494.649775093449,"Assessment of Oysters and Barnacles Along the Chassahowitzka, Homosassa, and Lower Withlacoochee River Systems",5074,,,,,,2,Insufficient data
43,St. Martins Marsh Aquatic Preserve,Percent Live,,Natural,Live Oysters,1,FALSE,2018,2018,2018-04-02T00:00:00Z,11,68,96,92,89.8181818181818,7.66574434504806,"Assessment of Oysters and Barnacles Along the Chassahowitzka, Homosassa, and Lower Withlacoochee River Systems",5074,,,,,,2,Insufficient data
43,St. Martins Marsh Aquatic Preserve,Shell Height,"",Natural,Dead Oyster Shells,0,FALSE,,,2013-06-17T00:00:00Z,1673,6.71,169.18,78.18,80.2596413628213,19.5977228468104,Prehistoric baseline reveals substantial decline of oyster reef condition in a Gulf of Mexico conservation priority area - archaeological oyster data,5072,,,,,,2,Insufficient data
43,St. Martins Marsh Aquatic Preserve,Shell Height,"",Natural,Live Oysters,2,FALSE,2016,2018,2018-04-02T00:00:00Z,135,10.92,24.99,21.27,20.2497777777778,3.96010995374764,"Assessment of Oysters and Barnacles Along the Chassahowitzka, Homosassa, and Lower Withlacoochee River Systems, Prehistoric baseline reveals substantial decline of oyster reef condition in a Gulf of Mexico conservation priority area - modern oyster data","5070, 5074",,,,,,2,Insufficient data
43,St. Martins Marsh Aquatic Preserve,Shell Height,>75mm,Natural,Live Oysters,2,FALSE,2016,2018,2018-04-02T00:00:00Z,304,75,112,81,82.9376973684211,7.51442673807132,"Assessment of Oysters and Barnacles Along the Chassahowitzka, Homosassa, and Lower Withlacoochee River Systems, Prehistoric baseline reveals substantial decline of oyster reef condition in a Gulf of Mexico conservation priority area - modern oyster data","5070, 5074",,,,,,2,Insufficient data
43,St. Martins Marsh Aquatic Preserve,Shell Height,25-75mm,Natural,Live Oysters,2,FALSE,2016,2018,2018-04-02T00:00:00Z,2679,25,74.96,50.3,50.8337961926092,12.172986454158,"Assessment of Oysters and Barnacles Along the Chassahowitzka, Homosassa, and Lower Withlacoochee River Systems, Prehistoric baseline reveals substantial decline of oyster reef condition in a Gulf of Mexico conservation priority area - modern oyster data","5070, 5074",,,,,,2,Insufficient data
45,Tomoka Marsh Aquatic Preserve,Density,,Natural,Live Oysters,1,FALSE,2015,2015,2015-07-17T00:00:00Z,5,0,64,32,28.8,23.7318351587061,Northern Coastal Basins and Mosquito Lagoon Oyster Condition Assessment,5017,,,,,,2,Insufficient data
45,Tomoka Marsh Aquatic Preserve,Percent Live,,Natural,Live Oysters,1,FALSE,2015,2015,2015-07-17T00:00:00Z,5,1,14,2,5.8,5.84807660688538,Northern Coastal Basins and Mosquito Lagoon Oyster Condition Assessment,5017,,,,,,2,Insufficient data
45,Tomoka Marsh Aquatic Preserve,Shell Height,"",Natural,Live Oysters,1,FALSE,2015,2015,2015-07-17T00:00:00Z,10,0,22.9,8.65,10.05,7.24342613838384,Northern Coastal Basins and Mosquito Lagoon Oyster Condition Assessment,5017,,,,,,2,Insufficient data
47,Yellow River Marsh Aquatic Preserve,Density,,Natural,Live Oysters,1,FALSE,2013,2013,2013-02-19T00:00:00Z,9,0,6,1,1.66666666666667,2.06155281280883,Deepwater Horizon NRDA Oyster Technical Working Group Oyster Quadrat Abundance Sampling,5073,,,,,,2,Insufficient data
47,Yellow River Marsh Aquatic Preserve,Density,,Restored,Live Oysters,5,TRUE,2017,2023,2023-11-08T00:00:00Z,75,0,336,88,93.44,90.5804465505514,NRDA Oyster Cultch Recovery Project,4044,72.6497297352554,11.1429018905372,10.1081292417199,-4.61971389727826,35.8658152767745,0,No detectable trend
47,Yellow River Marsh Aquatic Preserve,Percent Live,,Restored,Live Oysters,5,TRUE,2017,2023,2023-11-08T00:00:00Z,75,0,100,95.83333333,72.2000685489333,39.1379870105359,NRDA Oyster Cultch Recovery Project,4044,55.1111897744356,6.75295725783273,1.80769460692198,3.23634486817073,10.427622235462,1,Increasing trend
47,Yellow River Marsh Aquatic Preserve,Shell Height,"",Natural,Live Oysters,1,FALSE,2013,2013,2013-02-19T00:00:00Z,9,7,18,13,12.8888888888889,3.75647588986155,Deepwater Horizon NRDA Oyster Technical Working Group Oyster Quadrat Abundance Sampling,5073,,,,,,2,Insufficient data
47,Yellow River Marsh Aquatic Preserve,Shell Height,"",Restored,Live Oysters,5,TRUE,2017,2023,2023-11-08T00:00:00Z,758,2,24,19,17.6081794195251,5.68906217097365,NRDA Oyster Cultch Recovery Project,4044,,,,,,0,No detectable trend
47,Yellow River Marsh Aquatic Preserve,Shell Height,>75mm,Natural,Live Oysters,1,FALSE,2013,2013,2013-02-19T00:00:00Z,4,81,102,93,92.25,10.3400515794974,Deepwater Horizon NRDA Oyster Technical Working Group Oyster Quadrat Abundance Sampling,5073,,,,,,2,Insufficient data
47,Yellow River Marsh Aquatic Preserve,Shell Height,>75mm,Restored,Live Oysters,1,FALSE,2019,2019,2019-11-20T00:00:00Z,1,76,76,76,76,,NRDA Oyster Cultch Recovery Project,4044,,,,,,2,Insufficient data
47,Yellow River Marsh Aquatic Preserve,Shell Height,25-75mm,Natural,Live Oysters,1,FALSE,2013,2013,2013-02-19T00:00:00Z,5,29,71,51,49.2,18.5256578830551,Deepwater Horizon NRDA Oyster Technical Working Group Oyster Quadrat Abundance Sampling,5073,,,,,,2,Insufficient data
47,Yellow River Marsh Aquatic Preserve,Shell Height,25-75mm,Restored,Live Oysters,5,TRUE,2017,2023,2023-11-08T00:00:00Z,993,25,74,30,31.3846928499497,5.9906721285456,NRDA Oyster Cultch Recovery Project,4044,30.2863277169056,0.330038809974366,0.0767760168906248,0.17668848741556,0.483491193675861,1,Increasing trend
